key,operator,county,well_name,well_num,issue_date,spud_date,status,status
255678,"PIE LA OPERATING, LLC",CALCASIEU,VUB;MINERAL RESOURCES DEV I,002,2026-05-22,,01,PERMITTED
255679,"EGH OPERATING, LLC",CADDO,ANKERSON,A-039,2026-05-27,,01,PERMITTED
255680,"EGH OPERATING, LLC",CADDO,ANKERSON,A-040,2026-05-27,,01,PERMITTED
255681,"EGH OPERATING, LLC",CADDO,CASON,A-009,2026-05-27,,01,PERMITTED
255682,"EGH OPERATING, LLC",CADDO,STRIEF,A-003,2026-05-27,,01,PERMITTED
255683,"EGH OPERATING, LLC",CADDO,WILLIAMS,A-003,2026-05-27,,01,PERMITTED
255684,"ENSIGHT IV ENERGY MANAGEMENT, LLC",RED RIVER,HA RA SUJ;SWN PROD 13-24 HC,001,2026-05-28,,01,PERMITTED
255685,EXPAND OPERATING LLC,CADDO,HA RA SU89;CHC27&22&15-17-15HC,001-ALT,2026-05-29,,01,PERMITTED
255686,EXPAND OPERATING LLC,CADDO,HA RA SU81;CHC34&3&10-17-15HC,001-ALT,2026-05-29,,01,PERMITTED
255687,"APEX NATURAL GAS, LLC",CADDO,HA RA SU136;KUHN 24&36-18-15HC,001,2026-05-28,,01,PERMITTED
255688,"APEX NATURAL GAS, LLC",CADDO,HA RA SU136;KUHN 24&36-18-15HC,002-ALT,2026-05-28,,01,PERMITTED
255689,"APEX NATURAL GAS, LLC",CADDO,KUHN 24&36-18-15HC,003,2026-05-28,,01,PERMITTED
255690,"APEX NATURAL GAS, LLC",CADDO,KUHN 24&36-18-15HC,004,2026-05-28,,01,PERMITTED
255691,ADAMAS ENERGY LLC,BIENVILLE,WW FARMS 34-3-10HC,001,2026-06-02,,01,PERMITTED
255692,ADAMAS ENERGY LLC,BIENVILLE,WW FARMS 34-3-10HC,002,2026-06-02,,01,PERMITTED
255693,"APEX NATURAL GAS, LLC",CADDO,HA RA SUAA;CRDL 9&28-16-14HC,001,2026-06-09,,01,PERMITTED
255694,"APEX NATURAL GAS, LLC",CADDO,HA RA SUAA;CRDL 9&28-16-14HC,002-ALT,2026-06-09,,01,PERMITTED
255695,"APEX NATURAL GAS, LLC",CADDO,HA RA SUAA;CRDL 9&28-16-14HC,003-ALT,2026-06-09,,01,PERMITTED
255696,"APEX NATURAL GAS, LLC",CADDO,HA RA SUAA;CRDL 9&28-16-14HC,004-ALT,2026-06-09,,01,PERMITTED
255697,"APEX NATURAL GAS, LLC",CADDO,HA RA SUAA;CRDL 9&28-16-14HC,005-ALT,2026-06-09,,01,PERMITTED
255698,MARTIN PRODUCTION COMPANY,CADDO,J SU44;LIMEKILN ETAL,007,2026-06-12,2026-06-15,31,SHUT-IN DRY HOLE -FUTURE UTILITY  NO PRODUCT SPECIFIED
255700,"COMSTOCK OIL & GAS--LA, LLC",DE SOTO,HA RB SUNN;BAGLEY ET AL 35 HU,002-ALT,2026-06-11,,01,PERMITTED
255701,"COMSTOCK OIL & GAS--LA, LLC",DE SOTO,HA RB SUNN;BAGLEY ET AL 35 HU,003-ALT,2026-06-11,,01,PERMITTED
976375,"BBEH OPERATING, LLC",CAMERON,BBEH SWD,001,2026-05-29,,02,APPROVAL TO CONSTRUCT INJECTION WELL
976376,"BBEH OPERATING, LLC",CAMERON,BBEH SWD,002,2026-05-29,,02,APPROVAL TO CONSTRUCT INJECTION WELL
976377,"BBEH OPERATING, LLC",CAMERON,BBEH SWD,003,2026-05-29,,02,APPROVAL TO CONSTRUCT INJECTION WELL
976378,"BBEH OPERATING, LLC",CAMERON,BBEH SWD,004,2026-05-29,,02,APPROVAL TO CONSTRUCT INJECTION WELL
976379,"BBEH OPERATING, LLC",CAMERON,BBEH SWD,005,2026-05-29,,02,APPROVAL TO CONSTRUCT INJECTION WELL
976380,"BBEH OPERATING, LLC",CAMERON,BBEH SWD,006,2026-05-29,,02,APPROVAL TO CONSTRUCT INJECTION WELL
976381,"BBEH OPERATING, LLC",CAMERON,BBEH SWD,007,2026-05-29,,02,APPROVAL TO CONSTRUCT INJECTION WELL
976382,"BBEH OPERATING, LLC",CAMERON,BBEH SWD,008,2026-05-29,,02,APPROVAL TO CONSTRUCT INJECTION WELL
976383,"BBEH OPERATING, LLC",CAMERON,BBEH SWD,009,2026-05-29,,02,APPROVAL TO CONSTRUCT INJECTION WELL
976384,PINE PRAIRIE ENERGY CENTER LLC,EVANGELINE,PP-CW,006,2026-05-20,,02,APPROVAL TO CONSTRUCT INJECTION WELL
976385,PINE PRAIRIE ENERGY CENTER LLC,EVANGELINE,PP-CW,007,2026-05-20,,02,APPROVAL TO CONSTRUCT INJECTION WELL
976391,U.S. DEPARTMENT OF ENERGY,CAMERON,DOE WH-SWD,2F,2026-06-05,,02,APPROVAL TO CONSTRUCT INJECTION WELL
976392,U.S. DEPARTMENT OF ENERGY,CAMERON,DOE WH-SWD,2G,2026-06-05,,02,APPROVAL TO CONSTRUCT INJECTION WELL
976396,"DENBURY ONSHORE, LLC",MADISON,DELHI UNIT SWD,026-1,2026-06-04,,01,PERMITTED
255699,HILCORP ENERGY COMPANY,PLAQUEMINES,WB 8-11 RA SU;CATTLE FARM ETAL,001,2026-06-15,,01,PERMITTED
255702,ASHER GIDEON LLC,LA SALLE,WX A RC SU118;SHIRLEY ETAL,002,2026-06-22,,01,PERMITTED
255703,"ENSIGHT IV ENERGY MANAGEMENT, LLC",WEBSTER,HA RA SU146;TALIAFERRO 33-4H,002-ALT,2026-06-22,,01,PERMITTED
976389,"VINTON DOME STORAGE HUB, LLC",CALCASIEU,GED STORAGE,004,2026-06-22,,02,APPROVAL TO CONSTRUCT INJECTION WELL
976390,"VINTON DOME STORAGE HUB, LLC",CALCASIEU,GED STORAGE,005,2026-06-22,,02,APPROVAL TO CONSTRUCT INJECTION WELL
255704,"NORTHLAND OPERATING, LLC",WINN,BCI,035,2026-06-23,,01,PERMITTED
255705,ASHER GIDEON LLC,LA SALLE,SHIRLEY ETAL,003,2026-06-23,,01,PERMITTED
255706,"APEX NATURAL GAS, LLC",DE SOTO,LA MIN 8&20-11-11HC,002,2026-06-23,,01,PERMITTED
255707,"APEX NATURAL GAS, LLC",DE SOTO,LA MIN 8&20-11-11HC,003,2026-06-23,,01,PERMITTED
255708,"APEX NATURAL GAS, LLC",DE SOTO,LA MIN 8&20-11-11HC,004,2026-06-23,,01,PERMITTED
255709,"APEX NATURAL GAS, LLC",DE SOTO,LA MIN 8&20-11-11HC,005,2026-06-23,,01,PERMITTED
255710,"APEX NATURAL GAS, LLC",DE SOTO,LA MIN 8&20-11-11HC,006,2026-06-23,,01,PERMITTED
255711,"APEX NATURAL GAS, LLC",DE SOTO,LA MIN 5&20-11-11HC,001,2026-06-23,,01,PERMITTED
255713,"APEX NATURAL GAS, LLC",DE SOTO,LA MIN 5&20-11-11HC,002,2026-06-23,,01,PERMITTED
255712,"BROOKSTON ENERGY, INC.",CADDO,CV RA SUC;WEISER 30-19 H,001-ALT,2026-06-24,,01,PERMITTED
255714,"BROOKSTON ENERGY, INC.",CADDO,CV RA SUB;WEISER 29-32 HC,001,2026-06-24,,01,PERMITTED
255715,"BROOKSTON ENERGY, INC.",CADDO,CV RA SUC;WEISER 30-31 HC,001-ALT,2026-06-24,,01,PERMITTED
255716,"COMSTOCK OIL & GAS--LA, LLC",BOSSIER,HA RA SU131;CTSWLD 20-29-32 HC,001-ALT,2026-06-24,,01,PERMITTED
255717,"COMSTOCK OIL & GAS--LA, LLC",BOSSIER,HA RA SU131;CTSWLD 20-29-32 HC,002-ALT,2026-06-24,,01,PERMITTED
255718,"COMSTOCK OIL & GAS--LA, LLC",BOSSIER,HA RA SU131;CTSWLD 20-29-32 HC,003-ALT,2026-06-24,,01,PERMITTED
255719,"COMSTOCK OIL & GAS--LA, LLC",DE SOTO,HA RA SUZ;BURFORD 32-29 HC,001-ALT,2026-06-24,,01,PERMITTED
255720,"COMSTOCK OIL & GAS--LA, LLC",DE SOTO,HA RA SUZ;BURFORD 32-29 HC,002-ALT,2026-06-24,,01,PERMITTED
255721,"COMSTOCK OIL & GAS--LA, LLC",DE SOTO,HA RA SUZ;BURFORD 32-29 HC,003-ALT,2026-06-24,,01,PERMITTED
255722,"COMSTOCK OIL & GAS--LA, LLC",DE SOTO,HA RA SUZ;BURFORD 32-29 HC,004-ALT,2026-06-24,,01,PERMITTED
255723,"JERA UPSTREAM AMERICA, LLC",SABINE,HA RA SUW;SOUTH MAN 36-1-12HC,006-ALT,2026-06-24,,01,PERMITTED
255724,"JERA UPSTREAM AMERICA, LLC",SABINE,HA RA SUW;SOUTH MAN 36-1-12HC,007-ALT,2026-06-24,,01,PERMITTED
255725,"APEX NATURAL GAS, LLC",DE SOTO,LA MIN 8&20-11-11HC,001,2026-06-25,,01,PERMITTED
255726,"APEX NATURAL GAS, LLC",DE SOTO,HA RA SUE;MOMENTUM 5-12-12HU,001,2026-06-25,,01,PERMITTED
255727,"APEX NATURAL GAS, LLC",DE SOTO,HA RA SUE;MOMENTUM 5-12-12HU,002-ALT,2026-06-25,,01,PERMITTED
255728,"APEX NATURAL GAS, LLC",DE SOTO,HA RA SUE;MOMENTUM 5-12-12HU,003-ALT,2026-06-25,,01,PERMITTED
255729,"APEX NATURAL GAS, LLC",DE SOTO,HA RA SUE;MOMENTUM 5-12-12HU,004-ALT,2026-06-25,,01,PERMITTED
255730,COTEAU ENERGY LLC,CALCASIEU,SLL&O,003,2026-06-25,,01,PERMITTED
255731,"MINERAL U OPERATING, LLC",ACADIA,J D SITTIG ET UX,001,2026-06-25,,01,PERMITTED
255735,"DENBURY ONSHORE, LLC",RICHLAND,DELHI HOLT BRYANT SU;DELHI UT,073-1,2026-06-25,,01,PERMITTED
255736,"DENBURY ONSHORE, LLC",RICHLAND,DELHI HOLT BRYANT SU;DELHI UT,045-1,2026-06-25,,01,PERMITTED
255737,"DENBURY ONSHORE, LLC",RICHLAND,DELHI HOLT BRYANT SU;DELHI UT,045-2,2026-06-25,,01,PERMITTED
976393,LOUISIANA GREEN FUELS LLC,CALDWELL,LOUISIANA GREEN FUELS,W-N1,2026-06-25,,02,APPROVAL TO CONSTRUCT INJECTION WELL
976394,LOUISIANA GREEN FUELS LLC,CALDWELL,LOUISIANA GREEN FUELS,W-N2,2026-06-25,,02,APPROVAL TO CONSTRUCT INJECTION WELL
976395,LOUISIANA GREEN FUELS LLC,CALDWELL,LOUISIANA GREEN FUELS,W-S2,2026-06-25,,02,APPROVAL TO CONSTRUCT INJECTION WELL
255732,EXPAND OPERATING LLC,DE SOTO,HA RA SUH;MES 27&22&15-11-11HC,001-ALT,2026-06-29,,01,PERMITTED
255733,EXPAND OPERATING LLC,DE SOTO,HA RA SUH;MES 27&22&15-11-11HC,002-ALT,2026-06-29,,01,PERMITTED
255746,HILCORP ENERGY COMPANY,PLAQUEMINES,LW 21 RA SU;SL 212 A,014,2026-06-29,,01,PERMITTED
255734,ADAMAS ENERGY LLC,RED RIVER,WAERSTAD 1H,002,2026-06-30,,01,PERMITTED
255738,ADAMAS ENERGY LLC,BOSSIER,HA RA SU110;COWLEY 2-11 HC,001,2026-06-30,,01,PERMITTED
255739,ADAMAS ENERGY LLC,BOSSIER,HA RA SU110;COWLEY 2-11 HC,002-ALT,2026-06-30,,01,PERMITTED
255740,EXPAND OPERATING LLC,RED RIVER,HA RA SUVV;RUSH 11&14-11-9 H,001-ALT,2026-06-30,,01,PERMITTED
255741,EXPAND OPERATING LLC,RED RIVER,HA RA SUVV;RUSH 11&14&52-11-9H,001-ALT,2026-06-30,,01,PERMITTED
255742,"APEX NATURAL GAS, LLC",DE SOTO,TIMBER 8&20-11-11HC,001,2026-06-30,,01,PERMITTED
255743,"APEX NATURAL GAS, LLC",DE SOTO,TIMBER 8&20-11-11HC,002,2026-06-30,,01,PERMITTED
255744,COTEAU ENERGY LLC,CALCASIEU,DEROUEN ET AL,001,2026-06-30,,01,PERMITTED
255745,ADAMAS ENERGY LLC,BOSSIER,HA RA SU110;COWLEY 2-11 HC,003-ALT,2026-06-30,,01,PERMITTED
255747,UNIVERSAL OIL CO.,CADDO,HERRING,007,2026-07-01,,01,PERMITTED
255748,"WNR HAYNESVILLE OPERATING, LLC",WEBSTER,HA RA SU90;MARSTON 32-29H,001,2026-07-01,,01,PERMITTED
255749,"WNR HAYNESVILLE OPERATING, LLC",DE SOTO,HA RA SUK;JOHNSONTRUST29-32HC,001-ALT,2026-07-01,,01,PERMITTED
255750,"WNR HAYNESVILLE OPERATING, LLC",DE SOTO,HA RA SUK;JOHNSONTRUSTS29-32HC,002-ALT,2026-07-01,,01,PERMITTED
255751,EXPAND OPERATING LLC,DE SOTO,HA RA SUQQ;SAN 3&10-10-12 HC,001-ALT,2026-07-01,,01,PERMITTED
255752,EXPAND OPERATING LLC,DE SOTO,HA RA SUQQ;SAN 3&10-10-12 HC,002-ALT,2026-07-01,,01,PERMITTED
255753,EXPAND OPERATING LLC,DE SOTO,HA RA SUQQ;SAN 3&10-10-12 HC,003-ALT,2026-07-01,,01,PERMITTED
255754,EXPAND OPERATING LLC,DE SOTO,HA RA SUFF;ALVA 34&27&22&15 HC,001-ALT,2026-07-01,,01,PERMITTED
255755,EXPAND OPERATING LLC,DE SOTO,HA RA SUFF;ALVA 34&3-11-11 HC,003-ALT,2026-07-01,,01,PERMITTED
255756,EXPAND OPERATING LLC,DE SOTO,HA RA SUFF;ALVA 34&3-11-11 HC,004-ALT,2026-07-01,,01,PERMITTED
976397,BAYOU STATE OIL CORPORATION,BOSSIER,WEATHERBEE SWD,004,2026-07-01,,02,APPROVAL TO CONSTRUCT INJECTION WELL
255757,"MANTLE OIL & GAS, LLC",ASSUMPTION,ARMELISE A,001,2026-07-02,,01,PERMITTED
976398,CAMEX OPERATING COMPANY,ACADIA,ESTATE OF MERVINE KAHN LLC SWD,001,2026-07-02,,02,APPROVAL TO CONSTRUCT INJECTION WELL
255758,"ETHYL GAS COMPANY, LLC",CADDO,J.W. BRIGGS FEE B,032,2026-07-06,,01,PERMITTED
255759,"ETHYL GAS COMPANY, LLC",CADDO,J.W. BRIGGS FEE B,033,2026-07-06,,01,PERMITTED
255760,BPX OPERATING COMPANY,BOSSIER,HA RA SU91;MITCHL14-23-26-35HC,001-ALT,2026-07-06,,01,PERMITTED
255761,BPX OPERATING COMPANY,BOSSIER,HA RA SU91;MITCHL14-23-26-35HC,002-ALT,2026-07-06,,01,PERMITTED
255762,BPX OPERATING COMPANY,SABINE,HA RA SUZ;WHIT CORP 19-30-31HC,002-ALT,2026-07-07,,01,PERMITTED
255763,BPX OPERATING COMPANY,SABINE,HA RA SUZ;WHIT CORP 19-30-31HC,003-ALT,2026-07-07,,01,PERMITTED
255764,BPX OPERATING COMPANY,SABINE,HA RA SUZ;WHIT CORP 19-30-31HC,004-ALT,2026-07-07,,01,PERMITTED
255765,BPX OPERATING COMPANY,SABINE,HA RA SUZ;WHIT CORP 19-30-31HC,005-ALT,2026-07-07,,01,PERMITTED
255766,"CHADCO, INC.",LA SALLE,MCCARTNEY,003,2026-07-08,,01,PERMITTED
255767,"SKRIVANOS ENGINEERING, INC.",AVOYELLES,BLACKSTONE 13 W,001,2026-07-10,,01,PERMITTED
255768,"CANTIUM, LLC",LAFOURCHE,SL 1365,098,2026-07-10,,01,PERMITTED
255769,"LLOX, L.L.C.",VERMILION,CRIS R-21000 RA SUA;GODCHAUX,001,2026-07-13,,01,PERMITTED
14523,KANSAS & GULF CO.,RED RIVER,NELSON,002,2031-02-15,,30,PLUGGED AND ABANDONED  NO PRODUCT SPECIFIED
255770,WAGNER OIL LOUISIANA,RAPIDES,WX RA SUA;REYES 36,001,2026-07-16,,01,PERMITTED
255771,"BURRITE OPERATING, LLC",IBERVILLE,WILBERT MINERAL GROUP LLC,012,2026-07-16,,01,PERMITTED
255772,ASHER GIDEON LLC,LA SALLE,SHIRLEY ETAL,004,2026-07-17,,01,PERMITTED
255773,"FORDOCHE OPERATING COMPANY, LLC",POINTE COUPEE,J O LONG ETAL,015,2026-07-16,,01,PERMITTED
255774,SIGNAL OPERATING L.L.C.,LA SALLE,MILLS,017,2026-07-16,,01,PERMITTED
255775,"BAY GAS, LLC",CONCORDIA,WEEKS NB,001,2026-07-17,,29,DRY AND PLUGGED  NO PRODUCT SPECIFIED
255776,"C.T.R. OIL, INC.",LA SALLE,TREMONT LBR CO,A-C-12,2026-07-17,,01,PERMITTED
255777,"ENSIGHT IV ENERGY MANAGEMENT, LLC",CADDO,HA RA SU67;FRANKS 11-2 HC,001-ALT,2026-07-20,,01,PERMITTED
255778,"ENSIGHT IV ENERGY MANAGEMENT, LLC",RED RIVER,HA RA SUD;SWN PROD 14-23 HC,002-ALT,2026-07-21,,01,PERMITTED
255779,"ADDIE, JAMES & JOHN THORNTON",WINN,LAVESPERE,022,2026-07-21,,01,PERMITTED
255780,"ADDIE, JAMES & JOHN THORNTON",WINN,LAVESPERE,023,2026-07-21,,01,PERMITTED
255781,"ADDIE, JAMES & JOHN THORNTON",WINN,LAVESPERE,024,2026-07-21,,01,PERMITTED
255782,"ADDIE, JAMES & JOHN THORNTON",WINN,LAVESPERE,025,2026-07-21,,01,PERMITTED
255783,D. L. & BARBARA W. CHILES,CADDO,THAD EDWARDS,015,2026-07-22,,01,PERMITTED
255784,"APEX NATURAL GAS, LLC",DE SOTO,HA RA SUE;MOMENTUM 5-12-12HU,005,2026-07-24,,01,PERMITTED
255785,"APEX NATURAL GAS, LLC",DE SOTO,HA RA SUE;MOMENTUM 5-12-12HU,006-ALT,2026-07-24,,01,PERMITTED
255786,EXPAND OPERATING LLC,NATCHITOCHES,EGC 27&34-9-8 HC,001,2026-07-24,,01,PERMITTED
255787,BAYOU STATE OIL CORPORATION,CADDO,BAYOU STATE OWENS,014,2026-07-23,,01,PERMITTED
255788,BAYOU STATE OIL CORPORATION,CADDO,JOLLEY B,032,2026-07-24,,01,PERMITTED
255789,BAYOU STATE OIL CORPORATION,CADDO,JOLLEY B,033,2026-07-24,,01,PERMITTED
255790,BAYOU STATE OIL CORPORATION,CADDO,OWENS,038,2026-07-24,,01,PERMITTED
255791,"ENSIGHT IV ENERGY MANAGEMENT, LLC",RED RIVER,HA RA SUD;SWN PROD 14-23 HC,003-ALT,2026-07-24,,01,PERMITTED
255792,BPX OPERATING COMPANY,RED RIVER,HA RD SUU;CASON 32-29-20HC,001-ALT,2026-07-24,,01,PERMITTED
255793,BPX OPERATING COMPANY,RED RIVER,HA RD SUU;CASON 32-29-20HC,002-ALT,2026-07-24,,01,PERMITTED
255794,BPX OPERATING COMPANY,RED RIVER,HA RD SUU;CASON 32-29-20HC,003-ALT,2026-07-24,,01,PERMITTED
255795,BPX OPERATING COMPANY,RED RIVER,HA RD SUU;CASON 32-29-20HC,004-ALT,2026-07-24,,01,PERMITTED
255796,"EXCO OPERATING COMPANY, LP",DE SOTO,HA RA SUB;FULLER 24-13 HC,001-ALT,2026-07-29,,01,PERMITTED
255797,"EXCO OPERATING COMPANY, LP",DE SOTO,HA RA SUB;FULLER 24-13 HC,002-ALT,2026-07-29,,01,PERMITTED
255798,"EXCO OPERATING COMPANY, LP",DE SOTO,HA RA SUB;MAIER 24-13 HC,001-ALT,2026-07-29,,01,PERMITTED
255799,"EXCO OPERATING COMPANY, LP",DE SOTO,HA RA SUB;MAIER 24-13 HC,002-ALT,2026-07-29,,01,PERMITTED
255800,ADAMAS ENERGY LLC,BIENVILLE,HA RA SUEE;RALEY 14-11-2HC,001-ALT,2026-08-04,,01,PERMITTED
255801,ADAMAS ENERGY LLC,BIENVILLE,HA RA SUEE;RALEY 14-11-2HC,002-ALT,2026-08-04,,01,PERMITTED
255802,ADAMAS ENERGY LLC,BIENVILLE,HA RA SUEE; RALEY 14-11-2HC,003-ALT,2026-08-04,,01,PERMITTED
255803,"FONTAINEBLEAU OPERATING, LLC",BEAUREGARD,COLUMBIA LAND 27,002,2026-08-12,,01,PERMITTED
255804,WAGNER OIL LOUISIANA,EVANGELINE,WX RA SUA; CROWELL ET AL 17,002-ALT,2026-08-17,,01,PERMITTED
255805,"WNR HAYNESVILLE OPERATING, LLC",DE SOTO,HA RA SUI; POLK 24 HU,001-ALT,2026-08-17,,01,PERMITTED
255806,"WNR HAYNESVILLE OPERATING, LLC",DE SOTO,HA RA SUI; POLK 24 HU,002-ALT,2026-08-17,,01,PERMITTED
255807,"COMSTOCK OIL & GAS--LA, LLC",DE SOTO,HA RA SUB; BEDSOLE 34-27 HC,004-ALT,2026-08-17,,01,PERMITTED
255808,"COMSTOCK OIL & GAS--LA, LLC",DE SOTO,HA RA SUB; BEDSOLE 34-27 HC,005-ALT,2026-08-17,,01,PERMITTED
255809,"COMSTOCK OIL & GAS--LA, LLC",DE SOTO,HA RA SUB;BEDSOLE 34-27 HC,006-ALT,2026-08-17,,01,PERMITTED
255810,"COMSTOCK OIL & GAS--LA, LLC",DE SOTO,HA RA SUB;BEDSOLE 34-27 HC,007-ALT,2026-08-17,,01,PERMITTED
255811,"FONTAINEBLEAU OPERATING, LLC",WEBSTER,ROD-PET RA SUB; KEY 6,001,2026-08-18,,01,PERMITTED
255812,ADAMAS ENERGY LLC,NATCHITOCHES,HA RA SU58; POWELL 5-8HC,001,2026-08-18,,01,PERMITTED
255813,ADAMAS ENERGY LLC,NATCHITOCHES,HA RA SUOO; POWELL 4-33 HC,001,2026-08-18,,01,PERMITTED
255814,EXPAND OPERATING LLC,DE SOTO,HA RB SUYY;HDRK 13&12-13-16 HC,001-ALT,2026-08-18,,01,PERMITTED
255815,EXPAND OPERATING LLC,DE SOTO,HA RB SUYY;HDRK 13&12-13-16 HC,002-ALT,2026-08-18,,01,PERMITTED
255816,"PETRO-CHEM OPERATING COMPANY, INC.",LINCOLN,HOSS RA SUC; THOMAS 15,001,2026-08-18,,01,PERMITTED
255817,"GRAYROCK ENERGY IV OPERATING COMPANY, LL",BOSSIER,VUA;PADGETT 1-1H,001,2026-08-18,,01,PERMITTED
255818,"GRAYROCK ENERGY IV OPERATING COMPANY, LL",BOSSIER,VUA;PADGETT 1-6H,001,2026-08-18,,01,PERMITTED
255819,"GRAYROCK ENERGY IV OPERATING COMPANY, LL",BOSSIER,VUA;PADGETT 6-17H,001,2026-08-18,,01,PERMITTED
255820,"EMPRESA OPERATING, LLC",BOSSIER,VUA;PADGETT 6-17H,002,2026-08-18,,01,PERMITTED
255821,"DENBURY ONSHORE, LLC",RICHLAND,DELHI HOLT BRYANT SU; DELHI HT,042-1,2026-08-19,,01,PERMITTED
255822,"DENBURY ONSHORE, LLC",RICHLAND,DELHI HOLT BRYANT SU; DELHI UT,035-1,2026-08-19,,01,PERMITTED
255823,"APEX NATURAL GAS, LLC",RED RIVER,DSP 8&5-13-9HC,001,2026-08-24,,01,PERMITTED
255824,"APEX NATURAL GAS, LLC",RED RIVER,DSP 8&5-13-9HC,002,2026-08-24,,01,PERMITTED
255825,"APEX NATURAL GAS, LLC",RED RIVER,DSP 8&5-13-9HC,003,2026-08-24,,01,PERMITTED
255826,"APEX NATURAL GAS, LLC",RED RIVER,DSP 8&5-13-9HC,004,2026-08-24,,01,PERMITTED
255827,"C.T.R. OIL, INC.",LA SALLE,WX B RG SUK; PLACID FEE,010,2026-08-26,,01,PERMITTED
255828,"JERA UPSTREAM AMERICA, LLC",SABINE,HA RA SUR; G MAN 27-22-15HC,003-ALT,2026-08-26,,01,PERMITTED
255829,EXPAND OPERATING LLC,DE SOTO,HA RA SUII;STILES 4&9-10-11 HC,001,2026-08-26,,01,PERMITTED
255830,EXPAND OPERATING LLC,DE SOTO,HA RA SUII;STILES 4&9-10-11 HC,002-ALT,2026-08-26,,01,PERMITTED
255831,EXPAND OPERATING LLC,DE SOTO,HA RA SUII;STILES 4&9-10-11 HC,003-ALT,2026-08-26,,01,PERMITTED
255832,"DRAKE PETROLEUM, LLC",LA SALLE,HARTER-TENSAS-DELTA,046,2026-08-27,,01,PERMITTED
255833,"DRAKE PETROLEUM, LLC",LA SALLE,HARTER-TENSAS-DELTA,047,2026-08-27,,01,PERMITTED
976399,"SQUARE MILE ENERGY, L.L.C.",BEAUREGARD,KELIANG TRADING SWD,001,2026-07-15,,02,APPROVAL TO CONSTRUCT INJECTION WELL
