Permit_Number,Surface_Lat,Surface_Lon,BHL_Lat,BHL_Lon
0901683,32.373,-101.3328194,32.3424989,-101.321909
0905120,31.8937398,-104.2039959,31.9240848,-104.1988315
0905989,31.9839671,-104.0696186,31.9852477,-104.0641527
0910487,29.3482184,-97.4728202,29.3602137,-97.5027674
0911232,32.0179406,-95.410971,32.0213846,-95.4473312
0911508,32.1796362,-102.4090489,32.1513587,-102.4004638
0912591,31.6961815,-101.6352318,31.7230876,-101.644634
0912728,35.9816111,-100.3951389,36.0108783,-100.3946406
0912729,35.9816111,-100.3951944,35.9535973,-100.3950295
0913236,28.833026,-98.9958053,28.8113404,-98.9683358
0914728,28.2512639,-96.9108139,28.253401,-96.9263555
0914824,31.6515009,-101.5682638,31.6849199,-101.5812812
0914826,31.6515149,-101.5682018,31.6851539,-101.5802572
0914827,31.6515299,-101.5681398,31.6855059,-101.5787193
0914829,31.6515439,-101.5680778,31.6857399,-101.5776943
0914830,31.6515579,-101.5680158,31.6860219,-101.5764613
0914833,31.6515719,-101.5679538,31.6863129,-101.5751874
0914852,33.407866,-98.643291,33.407866,-98.643291
0915207,28.2980662,-99.9995569,28.3425495,-100.006061
0915208,28.2979838,-99.9995564,28.342593,-100.0017105
0915314,32.2459361,-101.5280333,32.204475,-101.5165694
0915315,32.2460167,-101.5280028,32.2055333,-101.5118667
0915851,32.2175519,-101.6757265,32.186837,-101.6628893
0915852,32.2175297,-101.6758209,32.1861379,-101.6659883
0915853,32.2175103,-101.6759154,32.1854386,-101.6690872
0915854,32.2133324,-101.6839291,32.1836202,-101.6770158
0915855,32.2133518,-101.6838347,32.1845038,-101.6731983
0915860,32.9986945,-94.4026007,33.0334655,-94.4037906
0916038,29.0259472,-97.5690278,29.0110605,-97.5261839
0916049,29.0099083,-97.5781167,29.0274374,-97.6073362
0916055,29.0099639,-97.5781083,29.0316624,-97.6141892
0916083,32.525013,-101.256914,32.555879,-101.259268
0916084,31.9773984,-101.7146995,31.9221014,-101.6999804
0916085,31.9774124,-101.7146371,31.9221014,-101.6999804
0916086,31.9774264,-101.7145748,31.9223633,-101.6988411
0916087,31.9774405,-101.7145125,31.9221657,-101.6997006
0916088,31.9774545,-101.7144501,31.9229491,-101.6962929
0916089,31.9774686,-101.7143877,31.9229491,-101.6962929
0916090,31.9774827,-101.7143254,31.9232311,-101.6950659
0916091,31.9774967,-101.7142631,31.9230205,-101.6959819
0916092,31.9766581,-101.7054738,31.9446116,-101.6990984
0916093,31.9766747,-101.7054124,31.9446116,-101.6990984
0916094,31.9766912,-101.7053509,31.9242023,-101.6908399
0916095,31.9767078,-101.7052894,31.9450323,-101.6972714
0916096,31.9767244,-101.7052279,31.945468,-101.6953795
0916097,31.976741,-101.7051664,31.945468,-101.6953795
0916098,31.9767576,-101.7051049,31.9458887,-101.6935524
0916099,31.9767742,-101.7050434,31.9249815,-101.6874497
0916118,33.8412554,-96.9825115,33.8123491,-96.9714787
0916200,31.9374525,-96.0030069,31.966637,-96.0105349
0916416,33.4305111,-98.6235167,33.4260972,-98.6209833
0916627,33.4203725,-98.9323603,33.4203725,-98.9323603
0916682,31.7065479,-102.4313966,31.7330974,-102.4422696
0916683,31.7065624,-102.4313346,31.7336456,-102.4398941
0916684,31.7065769,-102.4312726,31.7341865,-102.4375496
0916721,31.7089329,-102.4211428,31.7434303,-102.4302
0916722,31.7089183,-102.4212048,31.7428733,-102.4325863
0916723,31.7089038,-102.4212668,31.7423155,-102.4349757
0916733,33.4131334,-98.6375531,33.4131334,-98.6375531
0916764,32.0730067,-100.3620315,32.0730067,-100.3620315
0916771,32.1199205,-96.0243851,32.1199205,-96.0243851
0916775,32.6717756,-102.8192916,32.6712286,-102.7945577
0916776,33.7906791,-96.9597321,33.7906791,-96.9597321
0916777,32.6847213,-102.7866409,32.6855974,-102.8177246
0916786,32.6804052,-102.8162816,32.6816804,-102.8455231
0916789,32.6881659,-102.8387057,32.6900029,-102.8576808
0916791,32.6980886,-102.8444774,32.6972864,-102.8619915
0916793,32.6591303,-102.7929871,32.6602785,-102.8196292
0916805,32.5115444,-94.69725,,
0916807,31.4469972,-96.2411362,31.4469972,-96.2411362
0916817,29.4704022,-95.110056,,
0916829,30.550559,-96.619004,30.564377,-96.635585
0916830,30.577682,-96.611191,30.5582233,-96.590237
0916832,32.6100086,-101.5578297,32.6100086,-101.5578297
0916836,32.0108762,-101.7029783,31.9887493,-101.7046035
0916837,32.0108936,-101.7028979,31.9898276,-101.6998133
0916838,32.0120007,-101.6979715,31.9697548,-101.6881926
0916843,29.8162588,-97.6182742,29.8106614,-97.6228574
0916849,32.012018,-101.6978943,31.9708409,-101.6833936
0916867,32.4940557,-94.2482226,32.442687,-94.2413247
0916875,32.9320608,-100.2247983,32.9320608,-100.2247983
0916876,32.9294854,-100.224747,32.9294854,-100.224747
0916878,32.288362,-102.272228,32.2590952,-102.2651018
0916879,32.288343,-102.272289,32.2590925,-102.2651144
0916884,32.288966,-102.270214,32.317103,-102.278341
0916885,32.288985,-102.270153,32.317103,-102.278341
0916886,32.9308644,-100.2226604,32.9308644,-100.2226603
0916887,32.288948,-102.270275,32.316775,-102.279729
0916888,32.28893,-102.270336,32.316742,-102.279869
0916889,32.288911,-102.270398,32.316595,-102.280493
0916890,32.288893,-102.270459,32.316271,-102.281866
0916891,32.9318637,-100.2206014,32.9318637,-100.2206014
0916892,32.9339638,-100.219789,32.9339638,-100.2197889
0916904,31.6970563,-96.2000849,31.6970563,-96.2000849
0916908,33.7370304,-96.811907,33.7389331,-96.8121135
0916909,32.286173,-102.275715,32.316116,-102.282521
0916910,32.286159,-102.275777,32.3157505,-102.2839403
0916911,32.286144,-102.27584,32.3155929,-102.2845957
0916928,32.7694888,-102.7170757,32.7671644,-102.7194441
0916929,32.7694888,-102.7170757,32.7671644,-102.7194441
0916930,32.7644815,-102.8124969,,
0916931,32.7644815,-102.8124969,32.7620538,-102.8137569
0916946,33.595887,-102.2578454,33.595887,-102.2578454
0916955,31.3484459,-102.6870686,31.3484459,-102.6870686
0916956,32.4601254,-94.5926165,32.4969942,-94.5949976
0916964,29.2788667,-97.3573194,29.2606861,-97.3484972
0916965,29.2788,-97.357325,29.2606139,-97.3465222
0916966,29.2787306,-97.3573278,29.2605389,-97.3444833
0916967,29.2786611,-97.3573306,29.2604556,-97.3422778
0916968,29.279075,-97.3573111,29.2608139,-97.3519722
0916969,29.2790056,-97.3573139,29.2607861,-97.3512139
0916970,29.2789361,-97.3573167,29.260725,-97.3495139
0916972,28.2730523,-100.1105629,28.257701,-100.107054
0916973,28.2730884,-100.1105379,28.279941,-100.131909
0916974,28.2731245,-100.1105129,28.260363,-100.098736
0916975,28.2731578,-100.1104879,28.283869,-100.130307
0916978,32.4651969,-94.5817667,32.4277165,-94.5840407
0916991,28.777617,-98.67598,28.782478,-98.683029
0916996,33.5782833,-102.2907556,33.5775417,-102.2887528
0916997,33.8412581,-96.9826115,33.8412581,-96.9826115
0917001,33.070708,-98.194364,33.070708,-98.194364
0917006,32.290249,-102.259593,32.262275,-102.250756
0917007,32.290235,-102.259655,32.262084,-102.251587
0917008,32.290221,-102.259718,32.261847,-102.252617
0917009,32.290206,-102.25978,32.261452,-102.254335
0917016,33.8124737,-98.7294847,33.8124737,-98.7294847
0917021,32.290192,-102.259843,32.261357,-102.254747
0917022,32.290177,-102.259905,32.261327,-102.254878
0917023,31.8993527,-102.4558141,31.8993527,-102.4558141
0917024,31.5182855,-96.1064746,31.5182855,-96.1064746
0917027,32.7661609,-102.7127509,32.7639194,-102.7146333
0917028,31.0733786,-101.1696323,31.0958469,-101.1754518
0917030,32.7661609,-102.7127509,32.7639194,-102.7146333
0917031,31.0733786,-101.1695378,31.0958621,-101.1719373
0917032,31.0733796,-101.1694434,31.0958772,-101.1684185
0917033,31.07338,-101.169348,31.0958922,-101.1649041
0917034,28.5762972,-100.0370194,28.5857417,-100.0497583
0917035,28.5763278,-100.0369306,28.5876778,-100.0475361
0917036,28.5763556,-100.0368444,28.5895111,-100.0452167
0917086,32.2356974,-102.8545633,32.2356974,-102.8545633
0917102,33.0659752,-98.1832498,33.0659752,-98.1832498
0917103,33.5479513,-96.9032481,33.5479513,-96.9032481
0917105,33.5501556,-96.8955796,33.5501556,-96.8955796
0917106,31.0943702,-101.1887646,31.1177731,-101.1895879
0917114,32.9538751,-102.860257,32.9538751,-102.860257
0917115,31.8258722,-102.3374111,31.8749333,-102.3487639
0917132,32.289571,-102.268201,32.261057,-102.256052
0917133,32.289552,-102.268262,32.26105,-102.256083
0917135,32.289534,-102.268323,32.26082,-102.257082
0917136,32.289516,-102.268384,32.2606014,-102.2581951
0917139,32.289498,-102.268445,32.2605315,-102.2585154
0917140,29.0000738,-98.8556755,29.0000738,-98.8556755
0917160,32.579807,-101.391009,32.620287,-101.406544
0917172,33.7917359,-99.0767321,33.7917359,-99.0767321
0917173,31.4372207,-96.2277955,31.4372207,-96.2277955
0917180,32.289479,-102.268506,32.2602933,-102.259608
0917181,32.289461,-102.268567,32.2599236,-102.2613035
0917182,32.289443,-102.268628,32.2597017,-102.2623207
0917187,31.8274917,-102.3341833,31.874935,-102.348764
0917188,31.8275444,-102.3342,31.874935,-102.348764
0917189,31.8275972,-102.3342167,31.874935,-102.348764
0917193,32.288287,-102.279155,32.2588318,-102.2664616
0917195,32.288268,-102.279216,32.2585153,-102.2678716
0917196,32.288249,-102.279277,32.2583886,-102.2684357
0917197,32.288231,-102.279338,32.2581354,-102.2695638
0917199,32.687378,-102.560556,32.687378,-102.560556
0917200,32.683788,-102.555641,32.683788,-102.555641
0917202,32.6807056,-102.5513722,32.6807056,-102.5513722
0917214,31.7705428,-95.4485757,31.7705428,-95.4485757
0917217,29.3167194,-97.4912528,29.3194,-97.48625
0917218,29.3167333,-97.4912111,29.3206028,-97.4851806
0917219,29.3167722,-97.4911694,29.3213333,-97.4841389
0917232,31.7967506,-104.0458072,31.8103744,-104.0492548
0917233,31.7967534,-104.0457107,31.8103758,-104.0488
