Permit_Number,CountyCode,County,Lease_Name,District,Operator_Number,Received_Date,Operator_Name,Well_Number,Total_Depth,Issue_Date,Spud_Date,Surface_Lat,Surface_Lon,BHL_Lat,BHL_Lon
0917214,001,ANDERSON,GIBSON,06,534465,2026-07-14,"MAXIMUS OPERATING, LTD.",1,6000,2026-07-16,,31.7705428,-95.4485757,31.7705428,-95.4485757
0916200,001,ANDERSON,EDENS-BOWYER (AW),06,100367,2026-06-03,"PERFORMANCE OPERATING PARTNERS,",1H,11300,2026-07-08,,31.9374525,-96.0030069,31.966637,-96.0105349
0917354,001,ANDERSON,SHERIDAN,06,902850,2026-07-21,"WEATHERS EXPLORATION, INC.",1,2400,2026-07-22,,31.5565694,-95.6523861,31.5565694,-95.6523861
0917006,003,ANDREWS,MABEE DDA A29,10,166150,2026-07-07,COG OPERATING LLC,1109MH,12000,2026-07-13,,32.290249,-102.259593,32.262275,-102.250756
0917007,003,ANDREWS,MABEE DDA A30,10,166150,2026-07-07,COG OPERATING LLC,1110LH,12000,2026-07-13,,32.290235,-102.259655,32.262084,-102.251587
0917008,003,ANDREWS,MABEE DDA A31,10,166150,2026-07-07,COG OPERATING LLC,1111JH,12000,2026-07-13,,32.290221,-102.259718,32.261847,-102.252617
0917009,003,ANDREWS,MABEE DDA A32,10,166150,2026-07-07,COG OPERATING LLC,1112LH,12000,2026-07-13,,32.290206,-102.25978,32.261452,-102.254335
0917021,003,ANDREWS,MABEE DDA A33,10,166150,2026-07-07,COG OPERATING LLC,1112BH,12000,2026-07-13,,32.290192,-102.259843,32.261357,-102.254747
0917022,003,ANDREWS,MABEE DDA A34,10,166150,2026-07-07,COG OPERATING LLC,1112MH,12000,2026-07-13,,32.290177,-102.259905,32.261327,-102.254878
0917132,003,ANDREWS,MABEE DDA A35,10,166150,2026-07-09,COG OPERATING LLC,1001JH,12000,2026-07-16,,32.289571,-102.268201,32.261057,-102.256052
0917133,003,ANDREWS,MABEE DDA A36,10,166150,2026-07-09,COG OPERATING LLC,1001AH,12000,2026-07-16,,32.289552,-102.268262,32.26105,-102.256083
0917135,003,ANDREWS,MABEE DDA A37,10,166150,2026-07-09,COG OPERATING LLC,1002LH,12000,2026-07-16,,32.289534,-102.268323,32.26082,-102.257082
0917136,003,ANDREWS,MABEE DDA A38,10,166150,2026-07-09,COG OPERATING LLC,1003MH,12000,2026-07-16,,32.289516,-102.268384,32.2606014,-102.2581951
0917139,003,ANDREWS,MABEE DDA A39,10,166150,2026-07-09,COG OPERATING LLC,1003BH,12000,2026-07-16,,32.289498,-102.268445,32.2605315,-102.2585154
0917180,003,ANDREWS,MABEE DDA A40,10,166150,2026-07-13,COG OPERATING LLC,1004LH,12000,2026-07-16,,32.289479,-102.268506,32.2602933,-102.259608
0916848,003,ANDREWS,MABEE DDA A41,10,166150,2026-07-01,COG OPERATING LLC,1005JH,12000,2026-07-29,,32.288435,-102.271984,32.2317995,-102.2524416
0917181,003,ANDREWS,MABEE DDA A42,10,166150,2026-07-13,COG OPERATING LLC,1005AH,12000,2026-07-16,,32.289461,-102.268567,32.2599236,-102.2613035
0917182,003,ANDREWS,MABEE DDA A43,10,166150,2026-07-13,COG OPERATING LLC,1006BH,12000,2026-07-16,,32.289443,-102.268628,32.2597017,-102.2623207
0916850,003,ANDREWS,MABEE DDA A44,10,166150,2026-07-01,COG OPERATING LLC,1006MH,12000,2026-07-29,,32.288417,-102.272045,32.2315192,-102.2535948
0916851,003,ANDREWS,MABEE DDA A45,10,166150,2026-07-01,COG OPERATING LLC,1006LH,12000,2026-07-29,,32.288398,-102.272106,32.2315192,-102.2535948
0916878,003,ANDREWS,MABEE DDA A47,10,166150,2026-07-01,COG OPERATING LLC,1008LH,12000,2026-07-07,,32.288362,-102.272228,32.2590952,-102.2651018
0916879,003,ANDREWS,MABEE DDA A48,10,166150,2026-07-01,COG OPERATING LLC,1008BH,12000,2026-07-07,,32.288343,-102.272289,32.2590925,-102.2651144
0917193,003,ANDREWS,MABEE DDA A50,10,166150,2026-07-13,COG OPERATING LLC,1009MH,12000,2026-07-16,,32.288287,-102.279155,32.2588318,-102.2664616
0917195,003,ANDREWS,MABEE DDA A51,10,166150,2026-07-13,COG OPERATING LLC,1010LH,12000,2026-07-16,,32.288268,-102.279216,32.2585153,-102.2678716
0917196,003,ANDREWS,MABEE DDA A52,10,166150,2026-07-13,COG OPERATING LLC,1010BH,12000,2026-07-16,,32.288249,-102.279277,32.2583886,-102.2684357
0917197,003,ANDREWS,MABEE DDA A54,10,166150,2026-07-13,COG OPERATING LLC,1011AH,12000,2026-07-16,,32.288231,-102.279338,32.2581354,-102.2695638
0916884,003,ANDREWS,MABEE DDA A56,10,166150,2026-07-01,COG OPERATING LLC,204AH,12000,2026-07-08,,32.288966,-102.270214,32.317103,-102.278341
0916885,003,ANDREWS,MABEE DDA A57,10,166150,2026-07-01,COG OPERATING LLC,204JH,12000,2026-07-07,,32.288985,-102.270153,32.317103,-102.278341
0916887,003,ANDREWS,MABEE DDA A58,10,166150,2026-07-01,COG OPERATING LLC,205LH,12000,2026-07-07,,32.288948,-102.270275,32.316775,-102.279729
0916888,003,ANDREWS,MABEE DDA A59,10,166150,2026-07-01,COG OPERATING LLC,206MH,12000,2026-07-07,,32.28893,-102.270336,32.316742,-102.279869
0916889,003,ANDREWS,MABEE DDA A60,10,166150,2026-07-01,COG OPERATING LLC,206BH,12000,2026-07-07,,32.288911,-102.270398,32.316595,-102.280493
0916890,003,ANDREWS,MABEE DDA A61,10,166150,2026-07-01,COG OPERATING LLC,207JH,12000,2026-07-07,,32.288893,-102.270459,32.316271,-102.281866
0916909,003,ANDREWS,MABEE DDA A62,10,166150,2026-07-02,COG OPERATING LLC,207LH,12000,2026-07-08,,32.286173,-102.275715,32.316116,-102.282521
0916910,003,ANDREWS,MABEE DDA A63,10,166150,2026-07-02,COG OPERATING LLC,208AH,12000,2026-07-13,,32.286159,-102.275777,32.3157505,-102.2839403
0916911,003,ANDREWS,MABEE DDA A64,10,166150,2026-07-02,COG OPERATING LLC,209MH,12000,2026-07-07,,32.286144,-102.27584,32.3155929,-102.2845957
0917416,003,ANDREWS,FEE 'BV',10,263696,2026-07-23,"FASKEN OIL AND RANCH, LTD.",2707MS,8800,2026-07-29,,32.2089866,-102.3006089,32.1773732,-102.2922162
0917417,003,ANDREWS,FEE 'BV',10,263696,2026-07-23,"FASKEN OIL AND RANCH, LTD.",2708JM,9300,2026-07-29,,32.2090397,-102.3006256,32.1780372,-102.2893755
0917418,003,ANDREWS,FEE 'BV',10,263696,2026-07-23,"FASKEN OIL AND RANCH, LTD.",2709LS,9400,2026-07-29,,32.2090927,-102.3006424,32.1773732,-102.2922162
0917420,003,ANDREWS,FEE 'BV',10,263696,2026-07-23,"FASKEN OIL AND RANCH, LTD.",2710DN,9700,2026-07-29,,32.2091454,-102.3006591,32.1780372,-102.2893755
0917421,003,ANDREWS,FEE 'BV',10,263696,2026-07-23,"FASKEN OIL AND RANCH, LTD.",2711WA,9800,2026-07-29,,32.209199,-102.3006757,32.1773732,-102.2922162
0917422,003,ANDREWS,FEE 'BV',10,263696,2026-07-23,"FASKEN OIL AND RANCH, LTD.",2712WB,10100,2026-07-29,,32.2092521,-102.3006925,32.1780372,-102.2893755
0911508,003,ANDREWS,KTM 4793OP,10,617544,2026-06-16,OCCIDENTAL PERMIAN LTD.,2H,12000,2025-10-31,2026-01-12,32.1796362,-102.4090489,32.1513587,-102.4004638
0917086,003,ANDREWS,STATE OF TEXAS -V-,10,621750,2026-07-09,OLSEN ENERGY INC.,3,10120,2026-07-14,,32.2356974,-102.8545633,32.2356974,-102.8545633
0917281,003,ANDREWS,BIGHORN 28-33 B,10,741937,2026-07-17,"SABALO II OPERATING, LLC",1JM,9200,2026-07-21,,32.2966972,-102.4233648,32.2708345,-102.4153336
0917283,003,ANDREWS,BIGHORN 28-33 B,10,741937,2026-07-17,"SABALO II OPERATING, LLC",1LS,9600,2026-07-21,,32.2967151,-102.4232867,32.2708345,-102.4153336
0917284,003,ANDREWS,BIGHORN 28-33 D,10,741937,2026-07-17,"SABALO II OPERATING, LLC",1CF,8300,2026-07-21,,32.2967329,-102.4232086,32.2715669,-102.4122319
0917285,003,ANDREWS,BIGHORN 28-33 D,10,741937,2026-07-17,"SABALO II OPERATING, LLC",2JM,9200,2026-07-21,,32.2978465,-102.4184074,32.2718061,-102.4112188
0917286,003,ANDREWS,BIGHORN 28-33 D,10,741937,2026-07-17,"SABALO II OPERATING, LLC",2LS,9600,2026-07-21,,32.2978644,-102.4183293,32.2718061,-102.4112188
0917288,003,ANDREWS,MONARCH 28-33 B,10,741937,2026-07-17,"SABALO II OPERATING, LLC",2JM,9200,2026-07-21,,32.2978822,-102.4182512,32.2727775,-102.407104
0917289,003,ANDREWS,MONARCH 28-33 B,10,741937,2026-07-17,"SABALO II OPERATING, LLC",2LS,9600,2026-07-21,,32.2979001,-102.4181731,32.2727775,-102.407104
0845359,005,ANGELINA,BRONTO GAS UNIT,06,085408,2026-07-16,BPX OPERATING COMPANY,3HB,19500,2018-12-31,2019-02-16,31.3870678,-94.622989,31.3652962,-94.620822
0914728,007,ARANSAS,STATE TRACT 356,04,386310,2026-06-30,HILCORP ENERGY COMPANY,2,11000,2026-04-29,2026-07-20,28.2512639,-96.9108139,28.253401,-96.9263555
0914852,009,ARCHER,CAMPBELL 400,13,014804,2026-06-26,"B.O.L.D. OIL AND GAS, LLC",1,4999,2026-05-12,2026-05-20,33.407866,-98.643291,33.407866,-98.643291
0916416,009,ARCHER,MUSTANG,13,238634,2026-06-12,EAGLE OIL & GAS CO.,6,5500,2026-07-01,,33.4305111,-98.6235167,33.4260972,-98.6209833
0916627,009,ARCHER,MATUS,13,337342,2026-06-22,"GUIDANCE OIL DEVELOPERS,INC.(1)",9,1500,2026-07-06,,33.4203725,-98.9323603,33.4203725,-98.9323603
0917016,009,ARCHER,PROTHRO,13,607883,2026-07-07,"NEWPORT OPERATING, LLC",108,2000,2026-07-10,,33.8124737,-98.7294847,33.8124737,-98.7294847
0916733,009,ARCHER,BENSON ESTATE -E-,13,923259,2026-06-25,WILCOX ENERGY COMPANY LLC,14,1500,2026-07-01,2026-07-14,33.4131334,-98.6375531,33.4131334,-98.6375531
0916991,013,ATASCOSA,DALLY UNIT,01,100434,2026-07-06,ALVARADO 2014 LLC,1H,8000,2026-07-13,,28.777617,-98.67598,28.782478,-98.683029
0917391,013,ATASCOSA,DROP TINE 101HX,01,100351,2026-07-23,JAVELIN ENERGY PARTNERS MGMT LLC,101HX,12000,2026-07-29,,28.7220282,-98.772268,28.7058046,-98.7304462
0917392,013,ATASCOSA,DROP TINE 101HY,01,100351,2026-07-23,JAVELIN ENERGY PARTNERS MGMT LLC,101HY,12000,2026-07-29,,28.7219787,-98.7722432,28.7094058,-98.729476
0917394,013,ATASCOSA,DROP TINE 101HZ,01,100351,2026-07-23,JAVELIN ENERGY PARTNERS MGMT LLC,101HZ,12000,2026-07-29,,28.7219264,-98.7722183,28.7131333,-98.7284367
0917175,013,ATASCOSA,CHACHALACA AW,01,100797,2026-07-12,"TRAILBLAZER ENERGY RESOURCES,LLC",2H,9200,2026-07-21,,28.9152361,-98.2859444,28.8964972,-98.2653528
0917174,013,ATASCOSA,CHACHALACA B AW,01,100797,2026-07-12,"TRAILBLAZER ENERGY RESOURCES,LLC",3H,9200,2026-07-21,,28.9152722,-98.2858972,28.8963917,-98.2618056
0917176,013,ATASCOSA,GAC AW,01,100797,2026-07-12,"TRAILBLAZER ENERGY RESOURCES,LLC",1H,9200,2026-07-27,,28.9177944,-98.29205,28.8965583,-98.2685583
0917172,023,BAYLOR,WAGGONER DNTT,13,102117,2026-07-10,"WAGGONER OPERATING, L.L.C.",265B,6000,2026-07-17,,33.7917359,-99.0767321,33.7917359,-99.0767321
0917268,025,BEE,BRINKOETER,02,252057,2026-07-16,EVEREST RESOURCE COMPANY,1,8000,2026-07-22,,28.5967698,-97.8384095,28.5967698,-97.8384095
0917301,033,BORDEN,GRIFFIN-JBT 67-53 B UNIT,11,385826,2026-07-19,"HIGHPEAK ENERGY HOLDINGS, LLC",A 6H,7500,2026-07-29,,32.6009539,-101.2403469,32.5560871,-101.2440705
0917302,033,BORDEN,H C WOLF,11,385826,2026-07-20,"HIGHPEAK ENERGY HOLDINGS, LLC",1,7360,2026-07-20,,,,32.5395401,-101.2557643
0916083,033,BORDEN,WOLF RANCHES 40-45 B UNIT,11,385826,2026-06-06,"HIGHPEAK ENERGY HOLDINGS, LLC",M 7H,6500,2026-06-01,2026-06-03,32.525013,-101.256914,32.555879,-101.259268
0917366,033,BORDEN,CRAZY HORSE 24-12,11,760725,2026-07-22,"SURGE OPERATING, LLC",3JH,9000,2026-07-24,,32.679983,-101.414342,32.72059,-101.429951
0917367,033,BORDEN,CRAZY HORSE 24-12,11,760725,2026-07-22,"SURGE OPERATING, LLC",4MH,9000,2026-07-24,,32.680001,-101.414264,32.721451,-101.426184
0917160,033,BORDEN,PENG UNIT 14-02,11,760725,2026-07-10,"SURGE OPERATING, LLC",6AH,9000,2026-07-17,,32.579807,-101.391009,32.620287,-101.406544
0917348,033,BORDEN,SPHINX UNIT 13-01,11,760725,2026-07-21,"SURGE OPERATING, LLC",1NH,9000,2026-07-28,,32.579715,-101.390525,32.620914,-101.403911
0917257,033,BORDEN,SPHINX UNIT 13-01,11,760725,2026-07-16,"SURGE OPERATING, LLC",2AH,9000,2026-07-20,,32.579734,-101.390447,32.621512,-101.401262
0917258,033,BORDEN,SPHINX UNIT 13-01,11,760725,2026-07-16,"SURGE OPERATING, LLC",3AH,9000,2026-07-20,,32.58114,-101.384168,32.622103,-101.398639
0917259,033,BORDEN,SPHINX UNIT 13-01,11,760725,2026-07-16,"SURGE OPERATING, LLC",4AH,9000,2026-07-20,,32.581158,-101.38409,32.6227,-101.39599
0916832,033,BORDEN,"CLAYTON, A. M. 'E' NCT-2",11,950356,2026-06-30,"YUKON EXPLORATION OPERATING, LLC",2,9779,2026-07-06,,32.6100086,-101.5578297,32.6100086,-101.5578297
0913793,033,BORDEN,GUNSMOKE 30-31,11,950356,2026-07-16,"YUKON EXPLORATION OPERATING, LLC",1JM,8000,2026-03-03,2026-03-09,32.607769,-101.5947595,32.6268367,-101.6021665
0900025,033,BORDEN,GUNSMOKE 30-31,11,950356,2026-07-16,"YUKON EXPLORATION OPERATING, LLC",5U,6500,2024-06-07,2025-07-29,32.6080057,-101.5947748,32.626868,-101.6022045
0909769,033,BORDEN,RAIDER 42-43 A,11,950356,2026-07-22,"YUKON EXPLORATION OPERATING, LLC",1JM,8000,2025-08-13,2026-03-07,32.6077488,-101.594856,32.5783028,-101.585406
0916497,039,BRAZORIA,WEST HASTINGS UNIT,03,215343,2026-07-17,"DENBURY ONSHORE, LLC",7930,6296,2026-06-19,,29.4947648,-95.2486236,29.4930654,-95.2443243
0916829,051,BURLESON,FAIRWAY A,03,923444,2026-06-30,WILDFIRE ENERGY OPERATING LLC,11HA,9000,2026-07-06,,30.550559,-96.619004,30.564377,-96.635585
0916830,051,BURLESON,FAIRWAY B,03,923444,2026-06-30,WILDFIRE ENERGY OPERATING LLC,13HA,9000,2026-07-06,,30.577682,-96.611191,30.5582233,-96.590237
0916843,055,CALDWELL,YOUNG-CLARK UNIT,01,348557,2026-06-30,"HAMILTON, CLAY",1H,2400,2026-07-07,,29.8162588,-97.6182742,29.8106614,-97.6228574
0917386,059,CALLAHAN,"HENDERSON, E.E. 'B'",08,927886,2026-07-23,WILSON WELL SERVICE INC.,3,400,2026-07-29,,,,,
0917270,067,CASS,JUNIPER,06,148113,2026-07-16,CHEVRON U. S. A. INC.,1,12000,2026-07-23,,,,,
0915860,067,CASS,FULLER,06,727892,2026-05-22,"ROSE CITY RESOURCES, LLC",1H,13000,2026-07-01,,,,,
0916401,067,CASS,PERRY,06,727892,2026-06-11,"ROSE CITY RESOURCES, LLC",1H,13000,2026-07-28,,,,,
0911232,073,CHEROKEE,FRANKSTON,06,429659,2026-06-30,"JAMEX, INC.",1H,9000,2025-10-24,2026-01-08,,,,
0916764,081,COKE,MARIENA,09,103831,2026-06-26,GO OPCO T LLC,1,6653,2026-07-10,,,,,
0916776,097,COOKE,CAROLYN COLLUMS,13,101705,2026-06-29,ATOKA ENERGY LLC,1,16000,2026-07-06,,,,,
0916118,097,COOKE,CLEGG,13,103503,2026-06-15,"OIL CAPITAL OPERATING, LLC",2H,16500,2026-06-09,,,,,
0916997,097,COOKE,CLEGG 1,13,103503,2026-07-06,"OIL CAPITAL OPERATING, LLC",1,16500,2026-07-10,,,,,
0917384,097,COOKE,SMITH#1,13,870409,2026-07-22,"TRIPLE G WELL SERVICE, INC.",12,2000,2026-07-28,,,,,
0917261,103,CRANE,WADDELL TR A,10,073056,2026-07-16,"BLACKBEARD OPERATING, LLC",4099H,7999,2026-07-20,,,,,
0917263,103,CRANE,WADDELL TR A,10,073056,2026-07-16,"BLACKBEARD OPERATING, LLC",4324,7999,2026-07-20,,,,,
0917260,103,CRANE,WADDELL TR A,10,073056,2026-07-16,"BLACKBEARD OPERATING, LLC",4829H,7999,2026-07-20,,,,,
0916955,103,CRANE,SYNDICATE FEE 'A',10,330180,2026-07-02,"GREEN CENTURY EXP & PROD, LLC",4,4343,2026-07-10,,,,,
0917028,105,CROCKETT,UNIVERSITY 40,09,766370,2026-07-07,SEM OPERATING COMPANY LLC,1503WC,10000,2026-07-13,,,,,
0917031,105,CROCKETT,UNIVERSITY 40,09,766370,2026-07-07,SEM OPERATING COMPANY LLC,1507WC,10000,2026-07-13,2026-07-20,,,,
0917032,105,CROCKETT,UNIVERSITY 40,09,766370,2026-07-07,SEM OPERATING COMPANY LLC,1509WC,10000,2026-07-13,2026-07-19,,,,
0917033,105,CROCKETT,UNIVERSITY 40,09,766370,2026-07-07,SEM OPERATING COMPANY LLC,1511WC,10000,2026-07-13,2026-07-18,,,,
0917232,109,CULBERSON,ALICE FEE 34,10,130061,2026-07-15,"CAPITAN ENERGY, INCORPORATED",7H,9550,2026-07-17,,,,,
0917233,109,CULBERSON,ALICE FEE 34,10,130061,2026-07-15,"CAPITAN ENERGY, INCORPORATED",8H,9850,2026-07-17,,,,,
0905989,109,CULBERSON,HAY LANDON 9,10,148113,2026-07-01,CHEVRON U. S. A. INC.,0033WC,12000,2025-03-26,2025-05-20,,,,
0905120,109,CULBERSON,TYPHOON 42 UNIT,10,103285,2026-06-01,COTERRA ENERGY OPERATING CO.,16H,11000,2025-01-14,2025-02-09,,,,
0917225,117,DEAF SMITH,OFL,14,103816,2026-07-15,"NORTH TEXAS CARBON, LLC",2,10000,2026-07-20,,,,,
0546920,121,DENTON,SEXTON,13,103758,2026-05-05,"BKV BARNETT II, LLC",3,9450,2004-07-30,2004-08-05,,,,
0755191,123,DEWITT,A.J. BAKER A,02,085408,2026-07-17,BPX OPERATING COMPANY,5H,14000,2013-01-25,2013-05-14,,,,
0917316,123,DEWITT,RUCKMAN RANCH UNIT,02,109333,2026-07-20,BURLINGTON RESOURCES O & G CO LP,27,17500,2026-07-23,,,,,
0917317,123,DEWITT,RUCKMAN RANCH UNIT,02,109333,2026-07-20,BURLINGTON RESOURCES O & G CO LP,28,17500,2026-07-23,,,,,
0917318,123,DEWITT,RUCKMAN RANCH UNIT,02,109333,2026-07-20,BURLINGTON RESOURCES O & G CO LP,29,17500,2026-07-29,,,,,
0917319,123,DEWITT,RUCKMAN RANCH UNIT,02,109333,2026-07-20,BURLINGTON RESOURCES O & G CO LP,41,17500,2026-07-23,,,,,
0917322,123,DEWITT,RUCKMAN RANCH UNIT,02,109333,2026-07-20,BURLINGTON RESOURCES O & G CO LP,43,17500,2026-07-23,,,,,
0917325,123,DEWITT,RUCKMAN RANCH UNIT,02,109333,2026-07-20,BURLINGTON RESOURCES O & G CO LP,45,17500,2026-07-24,,,,,
0917328,123,DEWITT,RUCKMAN RANCH UNIT,02,109333,2026-07-20,BURLINGTON RESOURCES O & G CO LP,46,17500,2026-07-24,,,,,
0916964,123,DEWITT,HEIBEL A,02,216378,2026-07-06,"DEVON ENERGY PRODUCTION CO, L.P.",10H,14000,2026-07-10,,,,,
0916965,123,DEWITT,HEIBEL A,02,216378,2026-07-06,"DEVON ENERGY PRODUCTION CO, L.P.",11H,14000,2026-07-10,,,,,
0916966,123,DEWITT,HEIBEL A,02,216378,2026-07-06,"DEVON ENERGY PRODUCTION CO, L.P.",12H,14000,2026-07-10,,,,,
0916967,123,DEWITT,HEIBEL A,02,216378,2026-07-06,"DEVON ENERGY PRODUCTION CO, L.P.",13H,14000,2026-07-10,,,,,
0916968,123,DEWITT,HEIBEL A,02,216378,2026-07-06,"DEVON ENERGY PRODUCTION CO, L.P.",14H,14000,2026-07-10,,,,,
0916969,123,DEWITT,HEIBEL A,02,216378,2026-07-06,"DEVON ENERGY PRODUCTION CO, L.P.",15H,14000,2026-07-10,,,,,
0916970,123,DEWITT,HEIBEL A,02,216378,2026-07-06,"DEVON ENERGY PRODUCTION CO, L.P.",16H,14000,2026-07-10,,,,,
0916055,123,DEWITT,HOPE-DWOR-SAUN B SA A,02,525398,2026-07-09,MARATHON OIL EF LLC,1,17500,2026-06-30,,,,,
0916049,123,DEWITT,HOPE-SAUNDERS B SA D,02,525398,2026-07-09,MARATHON OIL EF LLC,1,17500,2026-06-29,2026-07-01,,,,
0916038,123,DEWITT,SCHORLEMER QUAD SA A,02,525398,2026-05-28,MARATHON OIL EF LLC,1,17500,2026-07-01,,,,,
0915207,127,DIMMIT,ARSENAL A,01,102346,2026-04-28,CYTEX SOUTH TEXAS OPERATING LLC,1H,9000,2026-07-09,,,,,
0915208,127,DIMMIT,ARSENAL B,01,102346,2026-04-28,CYTEX SOUTH TEXAS OPERATING LLC,2H,9000,2026-07-09,2026-02-09,,,,
0917034,127,DIMMIT,COMANCHE,01,250718,2026-07-07,EL TORO RESOURCES LLC,6061H,4900,2026-07-10,,,,,
0917035,127,DIMMIT,COMANCHE,01,250718,2026-07-07,EL TORO RESOURCES LLC,6062H,4900,2026-07-10,,,,,
0917036,127,DIMMIT,COMANCHE,01,250718,2026-07-07,EL TORO RESOURCES LLC,6063H,4900,2026-07-13,,,,,
0916972,127,DIMMIT,SAN PEDRO RANCH,01,104048,2026-07-06,JONAH ENERGY LLC,3709BH,4500,2026-07-09,,,,,
0916973,127,DIMMIT,SAN PEDRO RANCH,01,104048,2026-07-06,JONAH ENERGY LLC,3710BH,4500,2026-07-09,,,,,
0916974,127,DIMMIT,SAN PEDRO RANCH,01,104048,2026-07-06,JONAH ENERGY LLC,3711BH,4500,2026-07-09,,,,,
0916975,127,DIMMIT,SAN PEDRO RANCH,01,104048,2026-07-06,JONAH ENERGY LLC,3712BH,4500,2026-07-09,,,,,
0916977,127,DIMMIT,SPR,01,104048,2026-07-06,JONAH ENERGY LLC,3714AH,6500,2026-07-20,,,,,
0916607,127,DIMMIT,WILSON A,01,728874,2026-06-19,"ROSEWOOD RESOURCES, INC.",1H,7000,2026-07-21,,,,,
0916608,127,DIMMIT,WILSON B,01,728874,2026-06-19,"ROSEWOOD RESOURCES, INC.",1H,7000,2026-07-22,,,,,
0916610,127,DIMMIT,WILSON C,01,728874,2026-06-19,"ROSEWOOD RESOURCES, INC.",1H,7000,2026-07-22,,,,,
0917189,135,ECTOR,OPTIMUS PRIME EAST,10,033149,2026-07-13,ARRINGTON OIL&GAS OPERATING LLC,H110LS,9200,2026-07-16,,,,,
0917115,135,ECTOR,OPTIMUS PRIME EAST,10,033149,2026-07-09,ARRINGTON OIL&GAS OPERATING LLC,H110NB,12200,2026-07-16,,,,,
0917187,135,ECTOR,OPTIMUS PRIME EAST,10,033149,2026-07-13,ARRINGTON OIL&GAS OPERATING LLC,H110UH,10500,2026-07-16,,,,,
0917188,135,ECTOR,OPTIMUS PRIME EAST,10,033149,2026-07-13,ARRINGTON OIL&GAS OPERATING LLC,H110WB,10000,2026-07-16,,,,,
0917191,135,ECTOR,OPTIMUS PRIME EAST,10,033149,2026-07-13,ARRINGTON OIL&GAS OPERATING LLC,H120SS,8800,2026-07-20,,,,,
0917190,135,ECTOR,OPTIMUS PRIME EAST,10,033149,2026-07-13,ARRINGTON OIL&GAS OPERATING LLC,H120UH,10500,2026-07-20,,,,,
0917192,135,ECTOR,OPTIMUS PRIME EAST,10,033149,2026-07-13,ARRINGTON OIL&GAS OPERATING LLC,H120WA,9600,2026-07-20,,,,,
0917116,135,ECTOR,OPTIMUS PRIME EAST,10,033149,2026-07-09,ARRINGTON OIL&GAS OPERATING LLC,H130NB,12000,2026-07-20,,,,,
0917023,135,ECTOR,"JOHNSON, J. L. -AB-",10,054430,2026-07-07,"BASIN OIL & GAS OPERATING, LLC",91W,4300,2026-07-17,,,,,
0917437,135,ECTOR,SHERIFF 11-14 B,10,217012,2026-07-27,DIAMONDBACK E&P LLC,2BN,13000,2026-07-29,,,,,
0916721,135,ECTOR,POCKET PAIR 2715 A,10,101413,2026-06-25,FIREBIRD ENERGY II LLC,801H,12000,2026-07-01,,,,,
0916722,135,ECTOR,POCKET PAIR 2715 B,10,101413,2026-06-25,FIREBIRD ENERGY II LLC,901H,12100,2026-07-01,,,,,
0916723,135,ECTOR,POCKET PAIR 2715 C,10,101413,2026-06-25,FIREBIRD ENERGY II LLC,802H,12000,2026-07-01,,,,,
0916682,135,ECTOR,POCKET PAIR 2722 A,10,101413,2026-06-24,FIREBIRD ENERGY II LLC,804H,12000,2026-07-01,,,,,
0916683,135,ECTOR,POCKET PAIR 2722 B,10,101413,2026-06-24,FIREBIRD ENERGY II LLC,902H,12100,2026-07-01,,,,,
0916684,135,ECTOR,POCKET PAIR 2722 C,10,101413,2026-06-24,FIREBIRD ENERGY II LLC,803H,12000,2026-07-01,,,,,
0917165,149,FAYETTE,CYCLONE EIGHT,03,521544,2026-07-10,MAGNOLIA OIL & GAS OPERATING LLC,H 08CC,12000,2026-07-24,,,,,
0917163,149,FAYETTE,CYCLONE FOUR,03,521544,2026-07-10,MAGNOLIA OIL & GAS OPERATING LLC,H 04CC,12000,2026-07-20,,,,,
0917164,149,FAYETTE,CYCLONE SIX,03,521544,2026-07-10,MAGNOLIA OIL & GAS OPERATING LLC,H 06CC,12000,2026-07-23,,,,,
0917166,149,FAYETTE,CYCLONE TEN,03,521544,2026-07-10,MAGNOLIA OIL & GAS OPERATING LLC,H 10CC,12000,2026-07-24,,,,,
0917167,149,FAYETTE,CYCLONE TWELVE,03,521544,2026-07-10,MAGNOLIA OIL & GAS OPERATING LLC,H 12CC,12000,2026-07-24,,,,,
0917162,149,FAYETTE,CYCLONE TWO,03,521544,2026-07-10,MAGNOLIA OIL & GAS OPERATING LLC,H 02CC,12000,2026-07-23,,,,,
0916875,151,FISHER,"CASSLE, H. O.",08,104518,2026-07-01,COKE CO. OPERATING,5,3766,2026-07-10,,,,,
0916876,151,FISHER,"CASSLE, H. O.",08,104518,2026-07-01,COKE CO. OPERATING,9,3797,2026-07-10,,,,,
0916886,151,FISHER,MARY K. KENNEDY,08,104518,2026-07-01,COKE CO. OPERATING,2,3799,2026-07-10,,,,,
0916891,151,FISHER,MARY K. KENNEDY,08,104518,2026-07-01,COKE CO. OPERATING,3,3787,2026-07-10,,,,,
0916892,151,FISHER,MARY K. KENNEDY,08,104518,2026-07-01,COKE CO. OPERATING,4,3783,2026-07-10,,,,,
0917024,161,FREESTONE,BEST SWD,05,386310,2026-07-07,HILCORP ENERGY COMPANY,4,14410,2026-07-10,,,,,
0917361,161,FREESTONE,C. N. WILLIFORD,05,386310,2026-07-21,HILCORP ENERGY COMPANY,4,11505,2026-07-29,,,,,
0916807,161,FREESTONE,H. L. & P. GAS UNIT,05,386310,2026-06-29,HILCORP ENERGY COMPANY,17,14300,2026-07-01,,,,,
0917360,161,FREESTONE,NORTHEN GAS UNIT,05,386310,2026-07-21,HILCORP ENERGY COMPANY,11,12325,2026-07-27,,,,,
0916904,161,FREESTONE,NORTHEN GAS UNIT,05,386310,2026-07-01,HILCORP ENERGY COMPANY,14,12318,2026-07-07,,,,,
0917173,161,FREESTONE,REED 'E' GAS UNIT,05,386310,2026-07-10,HILCORP ENERGY COMPANY,6,14010,2026-07-16,,,,,
0917140,163,FRIO,BORDOVSKY J S 'A',01,100403,2026-07-09,CENTRAL GULF PETROLEUM INC,191 A,3850,2026-07-10,,,,,
0913236,163,FRIO,DONUT PALACE-STX-UNIT,01,276959,2026-07-02,FORMENTERA OPERATIONS LLC,S725H,10900,2026-02-06,2026-03-27,,,,
0917320,163,FRIO,OPPENHEIMER A,01,728874,2026-07-20,"ROSEWOOD RESOURCES, INC.",1H,7000,2026-07-22,,,,,
0917321,163,FRIO,OPPENHEIMER B,01,728874,2026-07-20,"ROSEWOOD RESOURCES, INC.",2H,7000,2026-07-22,,,,,
0917323,163,FRIO,OPPENHEIMER C,01,728874,2026-07-20,"ROSEWOOD RESOURCES, INC.",3H,7000,2026-07-27,,,,,
0917324,163,FRIO,TWIN CREEKS A,01,728874,2026-07-20,"ROSEWOOD RESOURCES, INC.",1H,7000,2026-07-22,,,,,
0916777,165,GAINES,MOULTON,11,040209,2026-06-29,BCE-MACH III LLC,2305H,8300,2026-07-10,,,,,
0916791,165,GAINES,NORTH RILEY UNIT,11,040209,2026-06-29,BCE-MACH III LLC,2270H,5200,2026-07-13,,,,,
0916789,165,GAINES,NORTH RILEY UNIT,11,040209,2026-06-29,BCE-MACH III LLC,2290H,5500,2026-07-13,,,,,
0916786,165,GAINES,NORTH RILEY UNIT,11,040209,2026-06-29,BCE-MACH III LLC,2310H,9000,2026-07-13,,,,,
0916774,165,GAINES,NORTH RILEY UNIT,11,040209,2026-06-29,BCE-MACH III LLC,2320H,9000,2026-07-20,,,,,
0916793,165,GAINES,NORTH ROBERTSON UNIT,11,040209,2026-06-29,BCE-MACH III LLC,6370H,7600,2026-07-13,,,,,
0916775,165,GAINES,WHITNEY,11,040209,2026-06-29,BCE-MACH III LLC,6345H,10000,2026-07-09,,,,,
0917199,165,GAINES,BRUSHFOOT,11,540703,2026-07-13,"MCCLURE OIL COMPANY, INC.",5,6000,2026-07-17,,,,,
0917200,165,GAINES,BRUSHFOOT,11,540703,2026-07-13,"MCCLURE OIL COMPANY, INC.",8,6000,2026-07-17,,,,,
0917202,165,GAINES,MOC WATERS 22,11,540703,2026-07-13,"MCCLURE OIL COMPANY, INC.",6,6000,2026-07-16,,,,,
0917429,165,GAINES,SWALLOWTAIL,11,540703,2026-07-24,"MCCLURE OIL COMPANY, INC.",6,6000,2026-07-27,,,,,
0917428,165,GAINES,SWALLOWTAIL,11,540703,2026-07-24,"MCCLURE OIL COMPANY, INC.",8,6000,2026-07-27,,,,,
0917114,165,GAINES,DENVER UNIT,11,617544,2026-07-09,OCCIDENTAL PERMIAN LTD.,6405,5097,2026-07-15,,,,,
0916928,165,GAINES,SEMINOLE SAN ANDRES UNIT,11,630591,2026-07-02,OXY USA INC.,2316,5800,2026-07-08,,,,,
0916929,165,GAINES,SEMINOLE SAN ANDRES UNIT,11,630591,2026-07-02,OXY USA INC.,2316,5800,2026-07-08,,,,,
0917385,165,GAINES,SEMINOLE SAN ANDRES UNIT,11,630591,2026-07-23,OXY USA INC.,2713,5800,2026-07-27,,,,,
0917027,165,GAINES,SEMINOLE SAN ANDRES UNIT,11,630591,2026-07-07,OXY USA INC.,3115,6000,2026-07-10,,,,,
0917030,165,GAINES,SEMINOLE SAN ANDRES UNIT,11,630591,2026-07-07,OXY USA INC.,3115,6000,2026-07-10,,,,,
0916119,165,GAINES,SEMINOLE SAN ANDRES UNIT,11,630591,2026-06-01,OXY USA INC.,3811H,6000,2026-07-29,,,,,
0916930,165,GAINES,WEST SEMINOLE SA UNIT,11,630555,2026-07-02,OXY USA WTP LP,0613R,6000,2026-07-08,,,,,
0916931,165,GAINES,WEST SEMINOLE SA UNIT,11,630555,2026-07-02,OXY USA WTP LP,0613R,6000,2026-07-09,,,,,
0916817,167,GALVESTON,STEWART TITLE,03,286622,2026-06-30,"FRIO RESOURCES, LLC",1,10548,2026-07-06,,,,,
0916838,173,GLASSCOCK,PEFFERCORN,10,101935,2026-07-20,"BLACK SWAN OPCO, LLC",3H,10500,2026-07-01,,,,,
0916849,173,GLASSCOCK,PEFFERCORN,10,101935,2026-07-15,"BLACK SWAN OPCO, LLC",4H,10500,2026-07-02,,,,,
0916836,173,GLASSCOCK,SQUINTS,10,101935,2026-07-15,"BLACK SWAN OPCO, LLC",1H,10500,2026-07-02,,,,,
0916837,173,GLASSCOCK,SQUINTS,10,101935,2026-07-20,"BLACK SWAN OPCO, LLC",2H,10500,2026-07-09,,,,,
0912590,173,GLASSCOCK,PICKLE RICK A,10,101577,2026-07-06,"CIVITAS PERMIAN OPERATING, LLC",301HD,10240,2026-01-16,2026-01-30,,,,
0912591,173,GLASSCOCK,PICKLE RICK B,10,101577,2026-07-06,"CIVITAS PERMIAN OPERATING, LLC",302HD,10240,2026-01-16,2026-01-30,,,,
0914824,173,GLASSCOCK,GOLDEN WINGS EAST I 33-21,10,102879,2026-06-29,"DE CENTRAL OPERATING, LLC",4209H,10605,2026-05-12,2026-06-10,,,,
0914826,173,GLASSCOCK,GOLDEN WINGS EAST J 33-21,10,102879,2026-06-29,"DE CENTRAL OPERATING, LLC",4310H,10605,2026-05-12,2026-06-11,,,,
0914827,173,GLASSCOCK,GOLDEN WINGS EAST K 33-21,10,102879,2026-06-29,"DE CENTRAL OPERATING, LLC",4211H,10605,2026-05-12,2026-06-12,,,,
0914829,173,GLASSCOCK,GOLDEN WINGS EAST M 33-21,10,102879,2026-06-29,"DE CENTRAL OPERATING, LLC",4313H,10605,2026-05-12,,,,,
0914830,173,GLASSCOCK,GOLDEN WINGS EAST N 33-21,10,102879,2026-06-29,"DE CENTRAL OPERATING, LLC",4214H,10605,2026-05-12,2026-06-13,,,,
0914833,173,GLASSCOCK,GOLDEN WINGS EAST O 33-21,10,102879,2026-06-29,"DE CENTRAL OPERATING, LLC",4315H,10605,2026-05-12,2026-06-14,,,,
0916902,173,GLASSCOCK,APOLLO 0184CP,10,630591,2026-07-01,OXY USA INC.,2H,15000,2026-07-27,,,,,
0915925,173,GLASSCOCK,POWELL 1035SP,10,630591,2026-07-28,OXY USA INC.,8H,12000,2026-05-29,,,,,
0915927,173,GLASSCOCK,POWELL 1043DP,10,630591,2026-07-28,OXY USA INC.,7H,12000,2026-05-29,,,,,
0915919,173,GLASSCOCK,POWELL 1091OP,10,630591,2026-07-28,OXY USA INC.,1H,12000,2026-05-29,,,,,
0915920,173,GLASSCOCK,POWELL 1093OP,10,630591,2026-07-28,OXY USA INC.,4H,12000,2026-05-29,,,,,
0915924,173,GLASSCOCK,POWELL 1097OP,10,630591,2026-07-28,OXY USA INC.,9H,12000,2026-05-29,,,,,
0916084,173,GLASSCOCK,HURT-BRUNSON 32A,10,665748,2026-05-30,"PIONEER NATURAL RES. USA, INC.",1H,10055,2026-07-08,,,,,
0916085,173,GLASSCOCK,HURT-BRUNSON 32B,10,665748,2026-05-30,"PIONEER NATURAL RES. USA, INC.",2H,10055,2026-07-08,,,,,
0916086,173,GLASSCOCK,HURT-BRUNSON 32C,10,665748,2026-05-30,"PIONEER NATURAL RES. USA, INC.",3H,10055,2026-07-08,,,,,
0916087,173,GLASSCOCK,HURT-BRUNSON 32D,10,665748,2026-05-30,"PIONEER NATURAL RES. USA, INC.",4H,10055,2026-07-08,,,,,
0916088,173,GLASSCOCK,HURT-BRUNSON 32E,10,665748,2026-05-30,"PIONEER NATURAL RES. USA, INC.",5H,10055,2026-07-08,,,,,
0916089,173,GLASSCOCK,HURT-BRUNSON 32F,10,665748,2026-05-30,"PIONEER NATURAL RES. USA, INC.",6H,10055,2026-07-08,,,,,
0916090,173,GLASSCOCK,HURT-BRUNSON 32G,10,665748,2026-05-30,"PIONEER NATURAL RES. USA, INC.",7H,10055,2026-07-08,,,,,
0916091,173,GLASSCOCK,HURT-BRUNSON 32H,10,665748,2026-05-30,"PIONEER NATURAL RES. USA, INC.",8H,10055,2026-07-08,,,,,
0916092,173,GLASSCOCK,HURT-BRUNSON 32I,10,665748,2026-05-30,"PIONEER NATURAL RES. USA, INC.",9H,10055,2026-07-08,,,,,
0916093,173,GLASSCOCK,HURT-BRUNSON 32J,10,665748,2026-05-30,"PIONEER NATURAL RES. USA, INC.",10H,10055,2026-07-08,,,,,
0916094,173,GLASSCOCK,HURT-BRUNSON 32K,10,665748,2026-05-30,"PIONEER NATURAL RES. USA, INC.",11H,10055,2026-07-09,,,,,
0916095,173,GLASSCOCK,HURT-BRUNSON 32L,10,665748,2026-05-30,"PIONEER NATURAL RES. USA, INC.",12H,10055,2026-07-08,,,,,
0916096,173,GLASSCOCK,HURT-BRUNSON 32M,10,665748,2026-05-30,"PIONEER NATURAL RES. USA, INC.",13H,10055,2026-07-08,,,,,
0916097,173,GLASSCOCK,HURT-BRUNSON 32N,10,665748,2026-05-30,"PIONEER NATURAL RES. USA, INC.",14H,10055,2026-07-08,,,,,
0916098,173,GLASSCOCK,HURT-BRUNSON 32O,10,665748,2026-05-30,"PIONEER NATURAL RES. USA, INC.",15H,10055,2026-07-08,,,,,
0916099,173,GLASSCOCK,HURT-BRUNSON 32P,10,665748,2026-05-30,"PIONEER NATURAL RES. USA, INC.",16H,10055,2026-07-09,,,,,
0908021,177,GONZALES,GAHAN A,01,253162,2026-07-15,"EOG RESOURCES, INC.",1H,11823,2025-06-18,2025-11-17,,,,
0910487,177,GONZALES,CEDAR C,01,103899,2026-06-23,"FW EAGLE FORD I, LLC",3H,14500,2025-09-18,2025-10-04,,,,
0917336,177,GONZALES,CYCLONE X,01,103899,2026-07-21,"FW EAGLE FORD I, LLC",16H,14500,2026-07-28,,,,,
0910983,177,GONZALES,GEONOSIS B,01,103899,2026-07-07,"FW EAGLE FORD I, LLC",2H,14500,2025-10-14,,,,,
0917217,177,GONZALES,BARNHART (EF),01,525398,2026-07-14,MARATHON OIL EF LLC,205H,17500,2026-07-16,,,,,
0917218,177,GONZALES,BARNHART (EF),01,525398,2026-07-14,MARATHON OIL EF LLC,206H,17500,2026-07-16,,,,,
0917219,177,GONZALES,BARNHART (EF),01,525398,2026-07-14,MARATHON OIL EF LLC,207H,17500,2026-07-16,,,,,
0917223,177,GONZALES,BARNHART (EF)-HFS SA10,01,525398,2026-07-15,MARATHON OIL EF LLC,140H,17500,2026-07-21,,,,,
0917222,177,GONZALES,BARNHART (EF)-HFS SA9,01,525398,2026-07-15,MARATHON OIL EF LLC,139H,17500,2026-07-21,,,,,
0904552,177,GONZALES,CHERRY BERGEY SA1,01,525398,2026-07-20,MARATHON OIL EF LLC,1H,17039,2024-12-13,,,,,
0917371,181,GRAYSON,BROOKS-SHORT,13,101705,2026-07-22,ATOKA ENERGY LLC,1,10000,2026-07-28,,,,,
0917369,181,GRAYSON,HAZLIP,13,101705,2026-07-22,ATOKA ENERGY LLC,3,10000,2026-07-28,,,,,
0916908,181,GRAYSON,MAX,13,101705,2026-07-02,ATOKA ENERGY LLC,1,10000,2026-07-08,,,,,
0917105,181,GRAYSON,MAGGIE HUNT,13,076385,2026-07-09,"BLS PRODUCTION CO., INC.",3,3311,2026-07-15,,,,,
0917103,181,GRAYSON,PERRY WALKER,13,076385,2026-07-09,"BLS PRODUCTION CO., INC.",1,3978,2026-07-14,,,,,
0916805,203,HARRISON,FLYING LL TRUST,06,106406,2026-06-29,BUFFCO PRODUCTION INC.,1,12316,2026-07-02,,,,,
0916867,203,HARRISON,BRYANT RAINS BMP,06,170038,2026-07-01,"COMSTOCK OIL & GAS, LLC",1H,30000,2026-07-17,,,,,
0916871,203,HARRISON,BRYANT RAINS EB,06,170038,2026-07-01,"COMSTOCK OIL & GAS, LLC",1H,30000,2026-07-20,,,,,
0916956,203,HARRISON,CANNON CF,06,104093,2026-07-03,"PWEP OPERATING, LLC",1H,11900,2026-07-16,,,,,
0916978,203,HARRISON,HUNT HL A,06,104093,2026-07-06,"PWEP OPERATING, LLC",2H,11850,2026-07-16,,,,,
0916685,203,HARRISON,BONNER NORTH B CV (AW),06,103925,2026-06-24,SABINE ENERGY INC.,2H,12000,2026-07-27,,,,,
0916687,203,HARRISON,BONNER NORTH B HS (AW),06,103925,2026-06-24,SABINE ENERGY INC.,2H,12000,2026-07-27,,,,,
0916692,203,HARRISON,BONNER NORTH C HS (AW),06,103925,2026-06-24,SABINE ENERGY INC.,3H,12000,2026-07-28,,,,,
0916695,203,HARRISON,BONNER NORTH D HS (AW),06,103925,2026-06-24,SABINE ENERGY INC.,4H,12000,2026-07-28,,,,,
0915107,203,HARRISON,GEORGE-MATTHEWS B,06,810277,2026-07-27,"SPONTE OPERATING, INC.",2H,11500,2026-04-30,,,,,
0915109,203,HARRISON,GEORGE-MATTHEWS C,06,810277,2026-07-27,"SPONTE OPERATING, INC.",3H,11500,2026-04-30,,,,,
0915157,203,HARRISON,GEORGE-MATTHEWS D,06,810277,2026-07-27,"SPONTE OPERATING, INC.",4H,11500,2026-04-30,,,,,
0915682,203,HARRISON,H06A HOYT BN,06,102211,2026-06-29,TGNR EAST TEXAS II LLC,2HH,22000,2026-05-19,,,,,
0912728,211,HEMPHILL,NIX 72/71 A,14,562560,2026-06-29,MEWBOURNE OIL COMPANY,W001MD,10134,2026-01-14,2026-02-05,,,,
0912729,211,HEMPHILL,NIX 73/74 A,14,562560,2026-06-29,MEWBOURNE OIL COMPANY,W001DM,10240,2026-01-14,2026-01-25,,,,
0916771,213,HENDERSON,MALAKOFF SOUTH (BACON LIME) UNIT,05,126996,2026-06-29,"CAMERON EXPLORATION, INC.",26,7600,2026-07-08,,,,,
0916946,219,HOCKLEY,FELA,11,100810,2026-07-02,"HET LEVELLAND, LLC",1C,11000,2026-07-08,,,,,
0917224,219,HOCKLEY,"HAMILTON, B. C.",11,725013,2026-07-15,"ROGERS, S. K. OIL, INC.",6,7000,2026-07-20,,,,,
0916996,219,HOCKLEY,STINGER,11,849735,2026-07-06,"TEXLAND PETROLEUM, L.P.",1,6700,2026-07-10,,,,,
0917419,227,HOWARD,C CITY 20-18,10,058827,2026-07-23,BAYSWATER OPERATING COMPANY LLC,H 1WD,9200,2026-07-29,,,,,
0901683,227,HOWARD,MR. HOBBS 11-14-23B,10,058827,2026-05-20,BAYSWATER OPERATING COMPANY LLC,H 3W,7800,2024-09-06,2024-09-13,,,,
0917247,227,HOWARD,CP #26-132 CATHODIC PROTECTION,10,252017,2026-07-16,ENERGY TRANSFER COMPANY,38,600,2026-07-28,,,,,
0917271,227,HOWARD,THE PEAKS 29-17 A UNIT,10,385826,2026-07-16,"HIGHPEAK ENERGY HOLDINGS, LLC",A 3H,7300,2026-07-20,,,,,
0917272,227,HOWARD,THE PEAKS 29-17 B UNIT,10,385826,2026-07-16,"HIGHPEAK ENERGY HOLDINGS, LLC",A 5H,7500,2026-07-20,,,,,
0915314,227,HOWARD,LONG SPRING 3083CP,10,630591,2026-05-28,OXY USA INC.,2H,15000,2026-05-19,,,,,
0915315,227,HOWARD,LONG SPRING 3085CP,10,630591,2026-05-28,OXY USA INC.,3H,15000,2026-05-05,,,,,
0915854,227,HOWARD,GREEN SPRANGLETOP,10,102324,2026-06-12,"OXYROCK OPERATING, LLC",1HD,12000,2026-05-27,,,,,
0915855,227,HOWARD,GREEN SPRANGLETOP E,10,102324,2026-06-12,"OXYROCK OPERATING, LLC",2HD,12000,2026-05-27,,,,,
0915851,227,HOWARD,SPIKED ALOE,10,102324,2026-06-12,"OXYROCK OPERATING, LLC",3HD,12000,2026-05-27,,,,,
0915852,227,HOWARD,SPIKED ALOE E,10,102324,2026-06-12,"OXYROCK OPERATING, LLC",2HD,12000,2026-05-27,,,,,
0915853,227,HOWARD,SPIKED ALOE G,10,102324,2026-06-12,"OXYROCK OPERATING, LLC",1HD,12000,2026-05-27,,,,,
0917106,235,IRION,UNIVERSITY 40,09,766370,2026-07-09,SEM OPERATING COMPANY LLC,1102WA,10000,2026-07-14,,,,,
0917280,237,JACK,"CHERRYHOMES, MIKE",13,617342,2026-07-17,"OAKRIDGE OIL AND GAS, LP",D 47,6622,2026-07-22,,,,,
0917102,237,JACK,PARKER,13,617342,2026-07-09,"OAKRIDGE OIL AND GAS, LP",2,5910,2026-07-10,,,,,
0917001,237,JACK,PARKER,13,617342,2026-07-06,"OAKRIDGE OIL AND GAS, LP",O 4,3000,2026-07-10,2026-07-27,,,,
0917084,237,JACK,RICHARDS RANCH,13,617342,2026-07-09,"OAKRIDGE OIL AND GAS, LP",O 4,2099,2026-07-10,,,,,
0917330,237,JACK,SIMPSON,13,617342,2026-07-20,"OAKRIDGE OIL AND GAS, LP",O 2,4999,2026-07-21,,,,,
0916794,241,JASPER,ARIES,03,919409,2026-06-29,"WHITEHEAD RESOURCES, LTD.",1,4000,2026-07-01,,,,,
0916795,241,JASPER,PREDATOR,03,919409,2026-06-29,"WHITEHEAD RESOURCES, LTD.",1,4000,2026-07-01,,,,,
0917179,245,JEFFERSON,MCFADDIN TRUST,03,101031,2026-07-12,GEPARD ENERGY INC,91ST,6500,2026-07-29,,,,,
0916905,245,JEFFERSON,GOLDEN TRIANGLE STORAGE,03,100949,2026-07-01,"GOLDEN TRIANGLE STORAGE, LLC",10,8500,2026-07-07,,,,,
0917427,245,JEFFERSON,GOLDEN TRIANGLE STORAGE,03,100949,2026-07-24,"GOLDEN TRIANGLE STORAGE, LLC",11,8500,2026-07-27,,,,,
0917269,245,JEFFERSON,MCFADDIN RANCH,03,467256,2026-07-16,KINGWOOD EXPLORATION LLC,13ST,7735,2026-07-20,,,,,
0917282,245,JEFFERSON,MCFADDIN RANCH,03,467256,2026-07-17,KINGWOOD EXPLORATION LLC,15ST,7773,2026-07-20,,,,,
0909478,255,KARNES,MAYER A,02,085408,2025-07-25,BPX OPERATING COMPANY,6H,14000,2026-07-14,,,,,
0917235,255,KARNES,MAYER C,02,085408,2026-07-15,BPX OPERATING COMPANY,3H,14000,2026-07-21,,,,,
0917236,255,KARNES,MAYER C,02,085408,2026-07-15,BPX OPERATING COMPANY,4H,14000,2026-07-20,,,,,
0917237,255,KARNES,MAYER C,02,085408,2026-07-15,BPX OPERATING COMPANY,5H,14000,2026-07-22,,,,,
0917238,255,KARNES,MAYER C,02,085408,2026-07-15,BPX OPERATING COMPANY,6H,14000,2026-07-22,,,,,
0917239,255,KARNES,MAYER C,02,085408,2026-07-15,BPX OPERATING COMPANY,7H,14000,2026-07-22,,,,,
0917240,255,KARNES,MAYER C,02,085408,2026-07-15,BPX OPERATING COMPANY,8H,14000,2026-07-23,,,,,
0917241,255,KARNES,MAYER C,02,085408,2026-07-15,BPX OPERATING COMPANY,9H,14000,2026-07-22,,,,,
0917242,255,KARNES,MAYER C,02,085408,2026-07-15,BPX OPERATING COMPANY,10H,14000,2026-07-22,,,,,
0917243,255,KARNES,MAYER C,02,085408,2026-07-15,BPX OPERATING COMPANY,11H,14000,2026-07-22,,,,,
0917244,255,KARNES,MAYER C AC,02,085408,2026-07-15,BPX OPERATING COMPANY,1H,14000,2026-07-27,,,,,
0917245,255,KARNES,MAYER C AC,02,085408,2026-07-15,BPX OPERATING COMPANY,2H,14000,2026-07-23,,,,,
0917246,255,KARNES,MAYER C AC,02,085408,2026-07-15,BPX OPERATING COMPANY,3H,14000,2026-07-24,,,,,
0916194,255,KARNES,JOHN-FOR-FLY USW E,02,109333,2026-06-03,BURLINGTON RESOURCES O & G CO LP,1,17500,2026-07-06,,,,,
0916195,255,KARNES,JOHNSON-FORISTER USW F,02,109333,2026-06-03,BURLINGTON RESOURCES O & G CO LP,1,17500,2026-07-06,,,,,
0916893,263,KENT,BEADLE,11,744095,2026-07-01,"SALIDA EXPLORATION, LLC",1A,5000,2026-07-23,,,,,
0916403,275,KNOX,WAGGONER SWWI,13,102117,2026-07-10,"WAGGONER OPERATING, L.L.C.",421SW,9000,2026-06-16,,,,,
0916169,283,LA SALLE,PETER B,01,253162,2026-07-07,"EOG RESOURCES, INC.",2H,10300,2026-06-09,,,,,
0916953,283,LA SALLE,SOPWITH CAMEL C,01,102886,2026-07-02,VERDUN OIL EF II LLC,3H,9900,2026-07-08,,,,,
0916954,283,LA SALLE,SOPWITH CAMEL D,01,102886,2026-07-02,VERDUN OIL EF II LLC,4H,9900,2026-07-08,,,,,
0914208,285,LAVACA,GIBSON UNIT,02,253162,2026-06-05,"EOG RESOURCES, INC.",1H,14000,2026-03-20,2026-03-30,,,,
0914211,285,LAVACA,WORTHINGTON UNIT,02,253162,2026-06-05,"EOG RESOURCES, INC.",1H,13500,2026-03-24,2026-05-07,,,,
0912046,285,LAVACA,BAJOR D,02,103899,2026-07-20,"FW EAGLE FORD I, LLC",4H,14500,2025-12-05,2025-12-13,,,,
0910754,285,LAVACA,DAGOBAH A,02,103899,2026-06-23,"FW EAGLE FORD I, LLC",1H,14500,2025-10-03,2026-01-03,,,,
0917091,285,LAVACA,KORRIBAN A,02,103899,2026-07-09,"FW EAGLE FORD I, LLC",1H,14500,2026-07-17,,,,,
0917215,285,LAVACA,KORRIBAN B,02,103899,2026-07-14,"FW EAGLE FORD I, LLC",2H,14500,2026-07-22,,,,,
0917100,285,LAVACA,KORRIBAN C,02,103899,2026-07-09,"FW EAGLE FORD I, LLC",201H,14500,2026-07-17,,,,,
0909261,285,LAVACA,NOVERIA A,02,103899,2026-06-24,"FW EAGLE FORD I, LLC",1H,14500,2025-07-17,2025-08-11,,,,
0909262,285,LAVACA,NOVERIA B,02,103899,2026-06-24,"FW EAGLE FORD I, LLC",2H,14500,2025-07-17,2025-08-12,,,,
0917104,285,LAVACA,WASKA,02,732075,2026-07-09,"ROYAL PRODUCTION COMPANY, INC.",1,10400,2026-07-14,,,,,
0917170,287,LEE,NELDA,03,103857,2026-07-10,"IRONBLOOM OPERATING, LLC",1H,9063,2026-07-16,,,,,
0916801,287,LEE,BUCK TRAVIS TWO,03,521544,2026-06-29,MAGNOLIA OIL & GAS OPERATING LLC,H 02BT,10000,2026-07-08,,,,,
0916816,287,LEE,ALBERT LUECKE EF NORTH,03,743223,2026-07-13,SAGE NATURAL RESOURCES LLC,1H,9000,2026-07-01,,,,,
0916745,287,LEE,ALBERT LUECKE EF SOUTH,03,743223,2026-06-26,SAGE NATURAL RESOURCES LLC,2H,9000,2026-07-01,,,,,
0908119,289,LEON,ERICSON KN,05,170038,2026-06-24,"COMSTOCK OIL & GAS, LLC",1H,30000,2025-05-22,2025-07-03,,,,
0917040,289,LEON,TRINITY BLUFF,05,534465,2026-07-08,"MAXIMUS OPERATING, LTD.",1,8999,2026-07-16,,,,,
0917344,297,LIVE OAK,F MALEK L-1893-KOER SA A,02,109333,2026-07-21,BURLINGTON RESOURCES O & G CO LP,1,17500,2026-07-24,,,,,
0917345,297,LIVE OAK,F MALEK L-1893-KOER SA B,02,109333,2026-07-21,BURLINGTON RESOURCES O & G CO LP,1,17500,2026-07-28,,,,,
0917350,297,LIVE OAK,F MALEK L-1893-KOER SA C,02,109333,2026-07-21,BURLINGTON RESOURCES O & G CO LP,1,17500,2026-07-24,,,,,
0917054,297,LIVE OAK,F. MALEK UNIT M,02,109333,2026-07-08,BURLINGTON RESOURCES O & G CO LP,2,17500,2026-07-16,,,,,
0917056,297,LIVE OAK,F. MALEK UNIT M,02,109333,2026-07-08,BURLINGTON RESOURCES O & G CO LP,3,17500,2026-07-16,,,,,
0917063,297,LIVE OAK,F. MALEK UNIT U,02,109333,2026-07-08,BURLINGTON RESOURCES O & G CO LP,3,17500,2026-07-17,,,,,
0917069,297,LIVE OAK,F. MALEK UNIT U-M ULW,02,109333,2026-07-08,BURLINGTON RESOURCES O & G CO LP,1,17500,2026-07-20,,,,,
0914415,297,LIVE OAK,PLOMERO-IVAS-TS USW A,02,109333,2026-07-02,BURLINGTON RESOURCES O & G CO LP,1,17500,2026-04-01,,,,,
0917256,297,LIVE OAK,SANGER HEIRS 226,02,421166,2026-07-16,"HYDROCARBON OPERATING, INC.",1,8000,2026-07-21,,,,,
0908212,297,LIVE OAK,LR FEE C,02,781863,2026-07-08,SILVER HILL ENERGY OPERATING LLC,1H,11600,2025-06-18,2025-10-12,,,,
0917380,301,LOVING,GOLDEN STATE 1-0-46-68 A,10,020528,2026-07-22,ANADARKO E&P ONSHORE LLC,51H,12000,2026-07-27,,,,,
0917381,301,LOVING,GOLDEN STATE 1-0-46-68 B,10,020528,2026-07-22,ANADARKO E&P ONSHORE LLC,52H,12000,2026-07-29,,,,,
0917382,301,LOVING,GOLDEN STATE 1-0-46-68 C,10,020528,2026-07-22,ANADARKO E&P ONSHORE LLC,61H,12000,2026-07-29,,,,,
0917383,301,LOVING,GOLDEN STATE 1-0-46-68 D,10,020528,2026-07-22,ANADARKO E&P ONSHORE LLC,54H,12000,2026-07-27,,,,,
0914158,301,LOVING,SILVERTIP 76-13 X,10,020528,2026-07-07,ANADARKO E&P ONSHORE LLC,12HA,13000,2026-03-19,,,,,
0914161,301,LOVING,SILVERTIP 76-13 X,10,020528,2026-07-07,ANADARKO E&P ONSHORE LLC,13HA,13000,2026-03-19,,,,,
0914163,301,LOVING,SILVERTIP 76-13 X,10,020528,2026-07-07,ANADARKO E&P ONSHORE LLC,14HA,13000,2026-03-19,,,,,
0914172,301,LOVING,SILVERTIP 76-13 X,10,020528,2026-07-07,ANADARKO E&P ONSHORE LLC,15HA,13000,2026-03-19,,,,,
0917373,301,LOVING,THRESHER 54-1-17,10,020528,2026-07-22,ANADARKO E&P ONSHORE LLC,11U,13000,2026-07-24,,,,,
0917375,301,LOVING,THRESHER 54-1-17,10,020528,2026-07-22,ANADARKO E&P ONSHORE LLC,12U,13000,2026-07-24,,,,,
0917378,301,LOVING,THRESHER 54-1-17,10,020528,2026-07-22,ANADARKO E&P ONSHORE LLC,13U,13000,2026-07-24,,,,,
0917372,301,LOVING,THRESHER 54-1-17,10,020528,2026-07-22,ANADARKO E&P ONSHORE LLC,21U,13000,2026-07-24,,,,,
0917377,301,LOVING,THRESHER 54-1-17,10,020528,2026-07-22,ANADARKO E&P ONSHORE LLC,22U,13000,2026-07-24,,,,,
0917379,301,LOVING,THRESHER 54-1-17,10,020528,2026-07-22,ANADARKO E&P ONSHORE LLC,201U,13000,2026-07-24,,,,,
0909782,301,LOVING,BOLD JOHNSON 56-T1-42 2H,10,085408,2026-07-24,BPX OPERATING COMPANY,B218H,12500,2025-08-26,2025-11-19,,,,
0914937,301,LOVING,CABIMERO 54-2 UNIT,10,646827,2026-07-15,PDEH LLC,2701H,11600,2026-04-21,,,,,
0917142,301,LOVING,DBM 54-2-21,10,801148,2026-07-10,"SOLARIS WATER MIDSTREAM, LLC",1D,8200,2026-07-10,,,,,
0917357,301,LOVING,FPW SWD,10,900327,2026-07-21,WATERBRIDGE STATELINE LLC,16,9000,2026-07-22,,,,,
0917359,301,LOVING,FPW SWD,10,900327,2026-07-21,WATERBRIDGE STATELINE LLC,19,9000,2026-07-22,,,,,
0917146,301,LOVING,DBM 54-2-9,10,101366,2026-07-10,WES WATER HOLDINGS LLC,1D,8200,2026-07-15,,,,,
0917039,301,LOVING,DBM 55-1-47,10,101366,2026-07-08,WES WATER HOLDINGS LLC,1D,7200,2026-07-14,,,,,
0916923,301,LOVING,DBM 55-1-47,10,101366,2026-07-02,WES WATER HOLDINGS LLC,2D,7200,2026-07-07,,,,,
0916643,301,LOVING,CROSS MOUNTAIN 4045-28 F,10,942623,2026-06-22,"WPX ENERGY PERMIAN, LLC",316H,14000,2026-07-02,,,,,
0916138,311,MARTIN,MORRILL RANC-PEEL A SA A,01,109333,2026-06-02,BURLINGTON RESOURCES O & G CO LP,1,17500,2026-07-20,,,,,
0917042,311,MARTIN,HILL CREEK-HUFF,01,103593,2026-07-08,"CATURUS ENERGY, LLC",102H,17500,2026-07-20,,,,,
0917137,311,MARTIN,HILL CREEK-LAZY FORK,01,103593,2026-07-09,"CATURUS ENERGY, LLC",111H,17500,2026-07-10,,,,,
0916780,311,MARTIN,LOVELAND A,01,253162,2026-06-29,"EOG RESOURCES, INC.",1H,10600,2026-07-02,,,,,
0916785,311,MARTIN,LOVELAND B,01,253162,2026-06-29,"EOG RESOURCES, INC.",2H,10600,2026-07-02,,,,,
0916787,311,MARTIN,LOVELAND C,01,253162,2026-06-29,"EOG RESOURCES, INC.",3H,10600,2026-07-02,,,,,
0916788,311,MARTIN,LOVELAND D,01,253162,2026-06-29,"EOG RESOURCES, INC.",4H,10600,2026-07-02,,,,,
0916738,311,MARTIN,OLIVEIRA H,01,253162,2026-07-13,"EOG RESOURCES, INC.",8H,10600,2026-06-29,,,,,
0916739,311,MARTIN,OLIVEIRA J,01,253162,2026-07-13,"EOG RESOURCES, INC.",9H,10600,2026-06-29,,,,,
0916990,313,MASON,FORREST,03,100365,2026-07-06,EMPIRE TEXAS OPERATING LLC,802,9740,2026-07-10,,,,,
0907854,317,MAVERICK,SUPERFROG 12-24 F,10,071331,2026-06-25,"BIRCH OPERATIONS, INC.",7WD,9700,2025-05-13,2025-05-28,,,,
0917206,317,MAVERICK,ONDIGO,10,101491,2026-07-14,DEEP BLUE OPERATING I LLC,1,9000,2026-07-16,,,,,
0914866,317,MAVERICK,AUTRY 32-8 C,10,217012,2026-05-08,DIAMONDBACK E&P LLC,3WB,11000,2026-04-22,,,,,
0914867,317,MAVERICK,AUTRY 32-8 D,10,217012,2026-05-07,DIAMONDBACK E&P LLC,3MS,9750,2026-04-21,,,,,
0914878,317,MAVERICK,AUTRY 32-8 D,10,217012,2026-05-07,DIAMONDBACK E&P LLC,3WA,9750,2026-04-21,,,,,
0914886,317,MAVERICK,AUTRY 32-8 D,10,217012,2026-05-07,DIAMONDBACK E&P LLC,4WB,9750,2026-04-21,,,,,
0914890,317,MAVERICK,AUTRY 32-8 E,10,217012,2026-05-07,DIAMONDBACK E&P LLC,4MS,9750,2026-04-21,,,,,
0914889,317,MAVERICK,AUTRY 32-8 E,10,217012,2026-05-07,DIAMONDBACK E&P LLC,4WA,9750,2026-04-21,2026-05-09,,,,
0914888,317,MAVERICK,AUTRY 32-8 E,10,217012,2026-05-07,DIAMONDBACK E&P LLC,5WB,9750,2026-04-21,,,,,
0914892,317,MAVERICK,AUTRY 32-8 F,10,217012,2026-05-07,DIAMONDBACK E&P LLC,2US,9750,2026-04-21,,,,,
0914891,317,MAVERICK,AUTRY 32-8 F,10,217012,2026-05-07,DIAMONDBACK E&P LLC,5WA,9750,2026-04-21,,,,,
0914893,317,MAVERICK,AUTRY 32-8 F,10,217012,2026-05-07,DIAMONDBACK E&P LLC,6WB,9750,2026-04-22,,,,,
0905222,317,MAVERICK,CAMPBELL,10,217012,2026-06-30,DIAMONDBACK E&P LLC,3LS,13000,2025-01-21,2025-02-09,,,,
0909079,317,MAVERICK,GREYSTOKE 1-5 A,10,217012,2026-07-07,DIAMONDBACK E&P LLC,1LS,9563,2025-07-10,2025-08-06,,,,
0909355,317,MAVERICK,PIRANHA 6-3 A,10,217012,2026-07-07,DIAMONDBACK E&P LLC,1JM,11000,2025-07-23,2025-08-20,,,,
0909354,317,MAVERICK,PIRANHA 6-3 A,10,217012,2026-07-07,DIAMONDBACK E&P LLC,1LS,11000,2025-07-23,2025-08-23,,,,
0909358,317,MAVERICK,PIRANHA 6-3 B,10,217012,2026-07-07,DIAMONDBACK E&P LLC,1MS,11000,2025-07-23,2025-08-19,,,,
0909397,317,MAVERICK,PIRANHA 6-3 B,10,217012,2026-07-07,DIAMONDBACK E&P LLC,2LS,11000,2025-07-23,2025-08-18,,,,
0909398,317,MAVERICK,PIRANHA 6-3 B,10,217012,2026-07-07,DIAMONDBACK E&P LLC,2WB,11000,2025-07-23,2025-08-26,,,,
0909400,317,MAVERICK,PIRANHA 6-3 C,10,217012,2026-07-07,DIAMONDBACK E&P LLC,2JM,11000,2025-07-23,2025-08-14,,,,
0909402,317,MAVERICK,PIRANHA 6-3 C,10,217012,2026-07-07,DIAMONDBACK E&P LLC,2WA,11000,2025-07-23,2025-08-16,,,,
0909345,317,MAVERICK,PIRANHA 6-3 D,10,217012,2026-07-07,DIAMONDBACK E&P LLC,2MS,11000,2025-07-21,2025-08-12,,,,
0909346,317,MAVERICK,PIRANHA 6-3 D,10,217012,2026-07-07,DIAMONDBACK E&P LLC,3LS,11000,2025-07-22,2025-08-15,,,,
0915756,317,MAVERICK,UL COMANCHE 42-28 A,10,217012,2026-06-22,DIAMONDBACK E&P LLC,1WD,13000,2026-05-27,,,,,
0915758,317,MAVERICK,UL COMANCHE 42-28 B,10,217012,2026-06-22,DIAMONDBACK E&P LLC,2WD,13000,2026-06-04,,,,,
0915761,317,MAVERICK,UL COMANCHE 42-28 C,10,217012,2026-06-22,DIAMONDBACK E&P LLC,3WD,13000,2026-06-04,,,,,
0917424,317,MAVERICK,CP# 26-140 CATHODIC PROTECTION,10,252017,2026-07-24,ENERGY TRANSFER COMPANY,40,600,2026-07-28,,,,,
0916669,317,MAVERICK,STAR PARTY 253O,10,628658,2026-06-23,OVINTIV USA INC.,101HG,10500,2026-07-27,,,,,
0916696,317,MAVERICK,STAR PARTY 253O,10,628658,2026-06-24,OVINTIV USA INC.,102HC,10500,2026-07-27,,,,,
0916653,317,MAVERICK,STAR PARTY 253O,10,628658,2026-06-22,OVINTIV USA INC.,103HR,10900,2026-07-27,,,,,
0916701,317,MAVERICK,STAR PARTY 253OO,10,628658,2026-06-24,OVINTIV USA INC.,104HJ,10500,2026-07-27,,,,,
0916705,317,MAVERICK,STAR PARTY 253Q,10,628658,2026-06-24,OVINTIV USA INC.,106HC,10500,2026-07-27,,,,,
0916703,317,MAVERICK,STAR PARTY 253Q,10,628658,2026-06-24,OVINTIV USA INC.,107HG,10500,2026-07-27,,,,,
0916702,317,MAVERICK,STAR PARTY 253QQ,10,628658,2026-06-24,OVINTIV USA INC.,105HR,10900,2026-07-27,,,,,
0916709,317,MAVERICK,STAR PARTY 253R,10,628658,2026-06-24,OVINTIV USA INC.,108HJ,10500,2026-07-27,,,,,
0916711,317,MAVERICK,STAR PARTY 253R,10,628658,2026-06-24,OVINTIV USA INC.,109HC,10500,2026-07-27,,,,,
0916215,317,MAVERICK,TERLINGUA 255Q,10,628658,2026-07-06,OVINTIV USA INC.,101HF,10500,2026-06-10,,,,,
0910234,317,MAVERICK,CROSS-HAZELWOOD 35F,10,665748,2026-06-26,"PIONEER NATURAL RES. USA, INC.",106H,8339,2025-10-03,2025-10-30,,,,
0912308,317,MAVERICK,GLASS-NAIL 24K,10,665748,2026-06-04,"PIONEER NATURAL RES. USA, INC.",11H,8688,2026-01-14,2026-02-28,,,,
0916842,327,MENARD,ALDA DAVIS,09,301322,2026-06-30,"GEOSURVEYS, INC.",2,3018,2026-07-10,,,,,
0915930,329,MIDLAND,BOB,10,027200,2026-05-27,APACHE CORPORATION,1HM,12000,2026-07-10,,,,,
0915320,329,MIDLAND,ROSCOE SWD,10,028618,2026-07-07,"AQUA TERRA PERMIAN, LLC",1,8000,2026-05-05,,,,,
0907233,329,MIDLAND,CMC SNAPDRAGON 19-31 UNIT,10,148113,2026-07-22,CHEVRON U. S. A. INC.,2264JM,8500,2025-05-27,2025-08-27,,,,
0829890,329,MIDLAND,MIDLAND 'AC/AF' FEE B,10,148113,2026-06-25,CHEVRON U. S. A. INC.,0163LS,9600,2017-08-18,2017-12-04,,,,
0915569,329,MIDLAND,COUNTRY MAC A7,10,166150,2026-05-12,COG OPERATING LLC,703MH,10000,2026-07-09,,,,,
0916659,329,MIDLAND,NOBLES RED,10,173777,2026-06-23,"CONTINENTAL RESOURCES, INC.",3002BL,12150,2026-07-09,,,,,
0916664,329,MIDLAND,NOBLES RED,10,173777,2026-06-23,"CONTINENTAL RESOURCES, INC.",3003BL,12150,2026-07-09,,,,,
0916665,329,MIDLAND,NOBLES RED,10,173777,2026-06-23,"CONTINENTAL RESOURCES, INC.",3004BL,12150,2026-07-09,,,,,
0916819,329,MIDLAND,RIVERCREST 47-11 B,10,217012,2026-06-30,DIAMONDBACK E&P LLC,4JM,12500,2026-07-06,,,,,
0916821,329,MIDLAND,RIVERCREST 47-11 D,10,217012,2026-06-30,DIAMONDBACK E&P LLC,4WA,12500,2026-07-06,,,,,
0916826,329,MIDLAND,RIVERCREST 47-11 H,10,217012,2026-06-30,DIAMONDBACK E&P LLC,5LS,12500,2026-07-06,,,,,
0916827,329,MIDLAND,RIVERCREST 47-11 H,10,217012,2026-06-30,DIAMONDBACK E&P LLC,5WB,12500,2026-07-06,,,,,
0917234,329,MIDLAND,JW L,10,220865,2026-07-15,"DISCOVERY OPERATING, INC.",2MS,10700,2026-07-20,2026-07-24,,,,
0903506,329,MIDLAND,DAVIDSON B 34E,10,628658,2026-07-21,OVINTIV USA INC.,207HM,10500,2024-11-26,2025-01-24,,,,
0816434,329,MIDLAND,MIDKIFF,10,628658,2026-06-25,OVINTIV USA INC.,1WA,10000,2016-06-22,2017-01-30,,,,
0816438,329,MIDLAND,MIDKIFF,10,628658,2026-06-25,OVINTIV USA INC.,2LS,11000,2016-06-22,2018-01-25,,,,
0816433,329,MIDLAND,MIDKIFF,10,628658,2026-06-25,OVINTIV USA INC.,2WB,10000,2016-06-22,2017-02-01,,,,
0834445,329,MIDLAND,MIDKIFF,10,628658,2026-06-25,OVINTIV USA INC.,3LS,11000,2017-12-22,2018-01-23,,,,
0834436,329,MIDLAND,MIDKIFF,10,628658,2026-06-25,OVINTIV USA INC.,3MS,11000,2017-12-20,2018-01-24,,,,
0816437,329,MIDLAND,MIDKIFF,10,628658,2026-06-25,OVINTIV USA INC.,3WA,11000,2016-06-22,2018-01-21,,,,
0834444,329,MIDLAND,MIDKIFF,10,628658,2026-06-25,OVINTIV USA INC.,4LS,11000,2018-01-03,2018-01-19,,,,
0816435,329,MIDLAND,MIDKIFF,10,628658,2026-06-25,OVINTIV USA INC.,4WB,11000,2016-06-22,2018-01-20,,,,
0816432,329,MIDLAND,MIDKIFF,10,628658,2026-06-25,OVINTIV USA INC.,1821H,10000,2016-06-22,2016-07-23,,,,
0817922,329,MIDLAND,MIDKIFF,10,628658,2026-06-25,OVINTIV USA INC.,1836HR,10000,2016-08-23,2016-08-23,,,,
0915958,329,MIDLAND,GOLLADAY-MCALISTER 51F,10,665748,2026-06-26,"PIONEER NATURAL RES. USA, INC.",6H,10391,2026-06-26,2026-07-17,,,,
0917168,329,MIDLAND,SHAUNA E42K,10,665748,2026-07-10,"PIONEER NATURAL RES. USA, INC.",111H,10931,2026-07-16,,,,,
0917171,329,MIDLAND,SHAUNA E42M,10,665748,2026-07-10,"PIONEER NATURAL RES. USA, INC.",113H,10931,2026-07-17,,,,,
0917065,329,MIDLAND,TURNER EC42B,10,665748,2026-07-08,"PIONEER NATURAL RES. USA, INC.",102H,10326,2026-07-16,,,,,
0916198,329,MIDLAND,TURNER E41H,10,665748,2026-06-03,"PIONEER NATURAL RES. USA, INC.",8H,10317,2026-07-02,2026-07-29,,,,
0916199,329,MIDLAND,TURNER E41I,10,665748,2026-06-03,"PIONEER NATURAL RES. USA, INC.",9H,10317,2026-07-06,2026-07-27,,,,
0916236,329,MIDLAND,TURNER W39A,10,665748,2026-06-04,"PIONEER NATURAL RES. USA, INC.",1H,10346,2026-07-06,,,,,
0916245,329,MIDLAND,TURNER W39B,10,665748,2026-06-04,"PIONEER NATURAL RES. USA, INC.",2H,10346,2026-07-06,,,,,
0916249,329,MIDLAND,TURNER W39C,10,665748,2026-06-04,"PIONEER NATURAL RES. USA, INC.",3H,10346,2026-07-06,,,,,
0916253,329,MIDLAND,TURNER W39D,10,665748,2026-06-04,"PIONEER NATURAL RES. USA, INC.",4H,10346,2026-07-06,,,,,
0916254,329,MIDLAND,TURNER W39D,10,665748,2026-06-04,"PIONEER NATURAL RES. USA, INC.",5H,10346,2026-07-06,,,,,
0916255,329,MIDLAND,TURNER W39F,10,665748,2026-06-04,"PIONEER NATURAL RES. USA, INC.",6H,10346,2026-07-06,2026-07-23,,,,
0916259,329,MIDLAND,TURNER W39G,10,665748,2026-06-04,"PIONEER NATURAL RES. USA, INC.",7H,10346,2026-07-06,2026-07-25,,,,
0916262,329,MIDLAND,TURNER W39H,10,665748,2026-06-04,"PIONEER NATURAL RES. USA, INC.",8H,10346,2026-07-07,2026-07-21,,,,
0916261,329,MIDLAND,TURNER W39H,10,665748,2026-06-04,"PIONEER NATURAL RES. USA, INC.",10H,10346,2026-07-06,,,,,
0916263,329,MIDLAND,TURNER W39I,10,665748,2026-06-04,"PIONEER NATURAL RES. USA, INC.",9H,10346,2026-07-13,2026-07-27,,,,
0916203,329,MIDLAND,TURNER W41M,10,665748,2026-06-03,"PIONEER NATURAL RES. USA, INC.",13H,10305,2026-07-06,,,,,
0916204,329,MIDLAND,TURNER W41N,10,665748,2026-06-03,"PIONEER NATURAL RES. USA, INC.",14H,10305,2026-07-06,,,,,
0917061,329,MIDLAND,TURNER W43,10,665748,2026-07-08,"PIONEER NATURAL RES. USA, INC.",3H,10344,2026-07-13,,,,,
0917060,329,MIDLAND,TURNER W43,10,665748,2026-07-08,"PIONEER NATURAL RES. USA, INC.",101H,10326,2026-07-14,,,,,
0917074,329,MIDLAND,TURNER-BUCHANAN 42B,10,665748,2026-07-08,"PIONEER NATURAL RES. USA, INC.",2H,10344,2026-07-16,,,,,
0917121,335,MITCHELL,LUXOR 9-3-60,10,058827,2026-07-09,BAYSWATER OPERATING COMPANY LLC,H 1W,7100,2026-07-16,,,,,
0917122,335,MITCHELL,MEMPHIS 9-3-60,10,058827,2026-07-09,BAYSWATER OPERATING COMPANY LLC,H 3W,7100,2026-07-16,,,,,
0915887,343,MORRIS,COSMOPOLITAN,06,727892,2026-05-26,"ROSE CITY RESOURCES, LLC",1H,13000,2026-07-01,,,,,
0915886,343,MORRIS,HARRAHS,06,727892,2026-05-26,"ROSE CITY RESOURCES, LLC",1H,13000,2026-07-07,,,,,
0912166,347,NACOGDOCHES,MYLO-MILLER TRUST GAS UNIT,06,103913,2026-07-23,ADAMAS ENERGY LLC,1H,14600,2025-12-15,2026-06-04,,,,
0915593,347,NACOGDOCHES,RED GENTRY GAS UNIT,06,104338,2026-07-20,ARENOS ENERGY,1H,14500,2026-05-20,,,,,
0916994,347,NACOGDOCHES,BEAR CLAW,06,103469,2026-07-06,REVENANT ENERGY OPERATING LLC,1HR,16500,2026-07-10,,,,,
0916995,347,NACOGDOCHES,BEAR CLAW,06,103469,2026-07-06,REVENANT ENERGY OPERATING LLC,2HR,16500,2026-07-10,,,,,
0917248,353,NOLAN,CP #26-136 CATHODIC PROTECTION,08,252017,2026-07-16,ENERGY TRANSFER COMPANY,39,600,2026-07-24,,,,,
0916883,353,NOLAN,JOE YOUNG,08,760218,2026-07-01,SCOUT ENERGY MANAGEMENT LLC,9R,5900,2026-07-08,,,,,
0907002,353,NOLAN,CHERRY WRIGHT,08,840400,2026-07-15,"TDC ENGINEERING, INC.",1,6473,2025-04-01,2025-04-07,,,,
0916168,353,NOLAN,MRS KILGORE,08,840400,2026-06-03,"TDC ENGINEERING, INC.",1,7000,2026-07-21,,,,,
0917101,361,ORANGE,POWELL GROUP,03,101321,2026-07-09,"BRUINGTON OPERATING II, LLC",1,8500,2026-07-16,,,,,
0917052,365,PANOLA,WERNER J 'A',06,103297,2026-07-08,AGIS ENERGY LLC,1H,9395,2026-07-24,,,,,
0917055,365,PANOLA,WERNER J 'B',06,103297,2026-07-08,AGIS ENERGY LLC,2H,9395,2026-07-24,,,,,
0916773,365,PANOLA,BOWEN,06,106406,2026-06-29,BUFFCO PRODUCTION INC.,6,10360,2026-07-06,2026-06-04,,,,
0916257,365,PANOLA,TERLINGUA A HV A,06,687208,2026-06-04,"R. LACY SERVICES, LTD.",1HH,12000,2026-07-08,,,,,
0916258,365,PANOLA,TERLINGUA A HV B,06,687208,2026-06-04,"R. LACY SERVICES, LTD.",2HH,12000,2026-07-14,,,,,
0916260,365,PANOLA,TERLINGUA A HV C,06,687208,2026-06-04,"R. LACY SERVICES, LTD.",3HH,12000,2026-07-08,,,,,
0907998,365,PANOLA,HILL CV A (AW),06,103925,2026-07-01,SABINE ENERGY INC.,1H,12000,2025-05-16,,,,,
0907999,365,PANOLA,HILL CV B (AW),06,103925,2026-07-02,SABINE ENERGY INC.,2H,12000,2025-05-16,,,,,
0916952,365,PANOLA,HILL CV C (AW),06,103925,2026-07-02,SABINE ENERGY INC.,3H,12000,2026-07-09,2026-07-15,,,,
0915031,365,PANOLA,SOCAGEE CREEK A (AW),06,103925,2026-07-07,SABINE ENERGY INC.,1H,12000,2026-05-21,,,,,
0915032,365,PANOLA,SOCAGEE CREEK B (AW),06,103925,2026-07-07,SABINE ENERGY INC.,2H,12000,2026-05-21,,,,,
0914382,365,PANOLA,SOCAGEE CREEK C (AW),06,103925,2026-07-07,SABINE ENERGY INC.,3H,12000,2026-03-27,,,,,
0914384,365,PANOLA,SOCAGEE CREEK D (AW),06,103925,2026-07-07,SABINE ENERGY INC.,4H,12000,2026-03-31,,,,,
0916844,365,PANOLA,E13C REGAN AN,06,102948,2026-07-01,TGNR PANOLA LLC,1HH,22000,2026-07-07,,,,,
0916845,365,PANOLA,E13C REGAN BN,06,102948,2026-07-01,TGNR PANOLA LLC,2HH,22000,2026-07-07,,,,,
0916846,365,PANOLA,E13C REGAN CS,06,102948,2026-07-01,TGNR PANOLA LLC,3HH,22000,2026-07-07,,,,,
0916847,365,PANOLA,E13C REGAN DS,06,102948,2026-07-01,TGNR PANOLA LLC,4HH,22000,2026-07-07,,,,,
0917410,365,PANOLA,F14D MESA DS,06,102948,2026-07-23,TGNR PANOLA LLC,4HH,22000,2026-07-28,,,,,
0917411,365,PANOLA,F14D MESA ES,06,102948,2026-07-23,TGNR PANOLA LLC,5HH,22000,2026-07-28,,,,,
0917412,365,PANOLA,F14H AVALON DS,06,102948,2026-07-23,TGNR PANOLA LLC,4HH,22000,2026-07-29,,,,,
0917413,365,PANOLA,F14H AVALON ES,06,102948,2026-07-23,TGNR PANOLA LLC,5HH,22000,2026-07-29,,,,,
0917414,365,PANOLA,F14H AVALON FS,06,102948,2026-07-23,TGNR PANOLA LLC,6HH,22000,2026-07-29,,,,,
0909435,371,PECOS,HIDEAWAY,10,173777,2026-07-27,"CONTINENTAL RESOURCES, INC.",6305H,15420,2025-08-07,2025-09-19,,,,
0916808,371,PECOS,YATES FIELD UNIT,10,463316,2026-06-29,KINDER MORGAN PRODUCTION CO LLC,47B14,1999,2026-07-02,,,,,
0916828,375,POTTER,EXELL RANCH 'A',14,829612,2026-06-30,"SUNLIGHT EXPLORATION, INC.",5401,10500,2026-07-08,,,,,
0916809,383,REAGAN,UL ACFD 4475 A,09,101935,2026-06-29,"BLACK SWAN OPCO, LLC",0801WA,7500,2026-07-01,,,,,
0916810,383,REAGAN,UL ACFD 4475 A,09,101935,2026-06-29,"BLACK SWAN OPCO, LLC",0802LB,8200,2026-07-01,,,,,
0916811,383,REAGAN,UL ACFD 4475 B,09,101935,2026-06-29,"BLACK SWAN OPCO, LLC",0803UB,7900,2026-07-01,,,,,
0916812,383,REAGAN,UL ACFD 4475 B,09,101935,2026-06-29,"BLACK SWAN OPCO, LLC",0807,9500,2026-07-01,,,,,
0916813,383,REAGAN,UL ACFD 4475 C,09,101935,2026-06-29,"BLACK SWAN OPCO, LLC",0804WA,7500,2026-07-01,,,,,
0916814,383,REAGAN,UL ACFD 4475 C,09,101935,2026-06-30,"BLACK SWAN OPCO, LLC",0805LB,8200,2026-07-01,,,,,
0916815,383,REAGAN,UL ACFD 4475 C,09,101935,2026-06-30,"BLACK SWAN OPCO, LLC",0806,7300,2026-07-01,,,,,
0916555,383,REAGAN,BB EAST M 1210-1209,09,102879,2026-06-17,"DE CENTRAL OPERATING, LLC",4313H,10605,2026-07-24,,,,,
0916557,383,REAGAN,BB EAST O 1210-1209,09,102879,2026-06-17,"DE CENTRAL OPERATING, LLC",4215H,10605,2026-07-24,,,,,
0916556,383,REAGAN,BB EAST O 1210-1209,09,102879,2026-06-17,"DE CENTRAL OPERATING, LLC",4415H,10605,2026-07-24,,,,,
0916551,383,REAGAN,BB EAST UL I 1210-30,09,102879,2026-06-17,"DE CENTRAL OPERATING, LLC",4309H,10605,2026-07-24,,,,,
0916554,383,REAGAN,BB EAST UL K 1210-30,09,102879,2026-06-17,"DE CENTRAL OPERATING, LLC",4211H,10605,2026-07-24,,,,,
0916553,383,REAGAN,BB EAST UL K 1210-30,09,102879,2026-06-17,"DE CENTRAL OPERATING, LLC",4411H,10605,2026-07-24,,,,,
0916536,383,REAGAN,BB WEST A 1210-1209,09,102879,2026-06-17,"DE CENTRAL OPERATING, LLC",4301H,10605,2026-07-24,,,,,
0916544,383,REAGAN,BB WEST C 1210-1209,09,102879,2026-06-17,"DE CENTRAL OPERATING, LLC",4203H,10605,2026-07-24,,,,,
0916540,383,REAGAN,BB WEST C 1210-1209,09,102879,2026-06-17,"DE CENTRAL OPERATING, LLC",4403H,10605,2026-07-24,,,,,
0916547,383,REAGAN,BB WEST UL E 1210-30,09,102879,2026-06-17,"DE CENTRAL OPERATING, LLC",4305H,10605,2026-07-24,,,,,
0916550,383,REAGAN,BB WEST UL G 1210-30,09,102879,2026-06-17,"DE CENTRAL OPERATING, LLC",4207H,10605,2026-07-24,,,,,
0916549,383,REAGAN,BB WEST UL G 1210-30,09,102879,2026-06-17,"DE CENTRAL OPERATING, LLC",4407H,10605,2026-07-24,,,,,
0917085,383,REAGAN,STL 15 EAST H 1216-1215,09,102879,2026-07-09,"DE CENTRAL OPERATING, LLC",4308H,10605,2026-07-14,,,,,
0917088,383,REAGAN,STL 15 EAST J 1216-1215,09,102879,2026-07-09,"DE CENTRAL OPERATING, LLC",4210H,10605,2026-07-14,,,,,
0917087,383,REAGAN,STL 15 EAST J 1216-1215,09,102879,2026-07-09,"DE CENTRAL OPERATING, LLC",4410H,10605,2026-07-14,,,,,
0917089,383,REAGAN,STL 15 EAST L 1216-1215,09,102879,2026-07-09,"DE CENTRAL OPERATING, LLC",4312H,10605,2026-07-14,,,,,
0917093,383,REAGAN,STL 15 EAST M 1216-1215,09,102879,2026-07-09,"DE CENTRAL OPERATING, LLC",4213H,10605,2026-07-14,,,,,
0917090,383,REAGAN,STL 15 EAST M 1216-1215,09,102879,2026-07-09,"DE CENTRAL OPERATING, LLC",4413H,10605,2026-07-14,,,,,
0917095,383,REAGAN,STL 15 EAST O 1216-1215,09,102879,2026-07-09,"DE CENTRAL OPERATING, LLC",4315H,10605,2026-07-14,,,,,
0917125,383,REAGAN,FRANCINE,09,265140,2026-07-09,FELDERHOFF PRODUCTION COMPANY,1,2000,2026-07-20,,,,,
0915897,383,REAGAN,ALDWELL 2B,09,665748,2026-05-26,"PIONEER NATURAL RES. USA, INC.",302H,10517,2026-07-22,,,,,
0915901,383,REAGAN,ALDWELL 2D,09,665748,2026-05-26,"PIONEER NATURAL RES. USA, INC.",304H,10517,2026-07-22,,,,,
0915903,383,REAGAN,ALDWELL 2F,09,665748,2026-05-26,"PIONEER NATURAL RES. USA, INC.",306H,10517,2026-07-22,,,,,
0915904,383,REAGAN,ALDWELL 2G,09,665748,2026-05-26,"PIONEER NATURAL RES. USA, INC.",307H,10517,2026-07-23,,,,,
0916102,383,REAGAN,ALDWELL 2H,09,665748,2026-06-01,"PIONEER NATURAL RES. USA, INC.",308H,10517,2026-07-22,,,,,
0916103,383,REAGAN,ALDWELL 2I,09,665748,2026-06-01,"PIONEER NATURAL RES. USA, INC.",309H,10517,2026-07-23,,,,,
0916104,383,REAGAN,ALDWELL 2J,09,665748,2026-06-01,"PIONEER NATURAL RES. USA, INC.",310H,10517,2026-07-22,,,,,
0916105,383,REAGAN,ALDWELL 2K,09,665748,2026-06-01,"PIONEER NATURAL RES. USA, INC.",311H,10517,2026-07-23,,,,,
0916106,383,REAGAN,ALDWELL 2L,09,665748,2026-06-01,"PIONEER NATURAL RES. USA, INC.",312H,10517,2026-07-23,,,,,
0916107,383,REAGAN,ALDWELL 2M,09,665748,2026-06-01,"PIONEER NATURAL RES. USA, INC.",313H,10517,2026-07-23,,,,,
0916108,383,REAGAN,ALDWELL 2N,09,665748,2026-06-01,"PIONEER NATURAL RES. USA, INC.",314H,10517,2026-07-23,,,,,
0917047,383,REAGAN,SPRABERRY DRIVER UNIT,09,665748,2026-07-08,"PIONEER NATURAL RES. USA, INC.",2705H,8122,2026-07-13,,,,,
0917048,383,REAGAN,SPRABERRY DRIVER UNIT,09,665748,2026-07-08,"PIONEER NATURAL RES. USA, INC.",2708H,8122,2026-07-13,,,,,
0917049,383,REAGAN,SPRABERRY DRIVER UNIT,09,665748,2026-07-08,"PIONEER NATURAL RES. USA, INC.",2716H,8122,2026-07-13,,,,,
0917050,383,REAGAN,SPRABERRY DRIVER UNIT,09,665748,2026-07-08,"PIONEER NATURAL RES. USA, INC.",2727H,8122,2026-07-13,,,,,
0916778,389,REEVES,SASQUATCH STATE 56-2-38 UNIT,10,020528,2026-06-29,ANADARKO E&P ONSHORE LLC,11H,13000,2026-07-01,,,,,
0916781,389,REEVES,SASQUATCH STATE 56-2-38 UNIT,10,020528,2026-06-29,ANADARKO E&P ONSHORE LLC,12H,13000,2026-07-02,,,,,
0916782,389,REEVES,SASQUATCH STATE 56-2-38 UNIT,10,020528,2026-06-29,ANADARKO E&P ONSHORE LLC,13H,13000,2026-07-02,,,,,
0916783,389,REEVES,SASQUATCH STATE 56-2-38 UNIT,10,020528,2026-06-29,ANADARKO E&P ONSHORE LLC,14H,13000,2026-07-02,,,,,
0916784,389,REEVES,SASQUATCH STATE 56-2-38 UNIT,10,020528,2026-06-29,ANADARKO E&P ONSHORE LLC,15H,13000,2026-07-02,,,,,
0916779,389,REEVES,SASQUATCH STATE 56-2-38 UNIT,10,020528,2026-06-29,ANADARKO E&P ONSHORE LLC,21H,13000,2026-07-02,,,,,
0916558,389,REEVES,STATE BARLOW 57-T2-47X2 CE,10,085408,2026-06-17,BPX OPERATING COMPANY,W305H,12182,2026-07-16,,,,,
0916587,389,REEVES,STATE PROJECTS 57-T2-47X2 CA,10,085408,2026-06-18,BPX OPERATING COMPANY,W301H,12182,2026-07-21,,,,,
0907685,389,REEVES,NICE MARMOT B,10,101577,2026-07-10,"CIVITAS PERMIAN OPERATING, LLC",131H,10433,2025-05-01,2025-06-10,,,,
0917262,389,REEVES,STATE HARRISON RANCH 56,10,253162,2026-07-16,"EOG RESOURCES, INC.",2516H,14000,2026-07-20,,,,,
0917264,389,REEVES,STATE HARRISON RANCH 56,10,253162,2026-07-16,"EOG RESOURCES, INC.",2517H,14000,2026-07-20,,,,,
0917266,389,REEVES,STATE HARRISON RANCH 56,10,253162,2026-07-16,"EOG RESOURCES, INC.",2537H,14000,2026-07-20,,,,,
0917267,389,REEVES,STATE HARRISON RANCH 56,10,253162,2026-07-16,"EOG RESOURCES, INC.",2538H,14000,2026-07-20,,,,,
0917273,389,REEVES,STATE HARRISON RANCH 57,10,253162,2026-07-17,"EOG RESOURCES, INC.",2131H,14000,2026-07-20,,,,,
0917274,389,REEVES,STATE HARRISON RANCH 57,10,253162,2026-07-17,"EOG RESOURCES, INC.",2132H,14000,2026-07-20,,,,,
0917275,389,REEVES,STATE HARRISON RANCH 57,10,253162,2026-07-17,"EOG RESOURCES, INC.",2133H,14000,2026-07-20,,,,,
0917249,389,REEVES,STATE MINT B UNIT,10,253162,2026-07-16,"EOG RESOURCES, INC.",713H,14000,2026-07-20,,,,,
0917250,389,REEVES,STATE MINT B UNIT,10,253162,2026-07-16,"EOG RESOURCES, INC.",714H,14000,2026-07-20,,,,,
0917251,389,REEVES,STATE MINT B UNIT,10,253162,2026-07-16,"EOG RESOURCES, INC.",715H,14000,2026-07-20,,,,,
0917252,389,REEVES,STATE MINT B UNIT,10,253162,2026-07-16,"EOG RESOURCES, INC.",733H,14000,2026-07-20,,,,,
0917253,389,REEVES,STATE MINT B UNIT,10,253162,2026-07-16,"EOG RESOURCES, INC.",734H,14000,2026-07-20,,,,,
0917254,389,REEVES,STATE MINT B UNIT,10,253162,2026-07-16,"EOG RESOURCES, INC.",735H,14000,2026-07-20,,,,,
0916840,389,REEVES,STILL TIPPIN A1 UNIT,10,331448,2026-06-30,"GREENLAKE ENERGY OPERATING, LLC",3805U,11000,2026-07-08,,,,,
0916841,389,REEVES,STILL TIPPIN A2 UNIT,10,331448,2026-06-30,"GREENLAKE ENERGY OPERATING, LLC",4505U,11000,2026-07-08,2026-07-27,,,,
0916831,389,REEVES,STILL TIPPIN UNIT,10,331448,2026-06-30,"GREENLAKE ENERGY OPERATING, LLC",3801H,11000,2026-07-06,,,,,
0916834,389,REEVES,STILL TIPPIN UNIT,10,331448,2026-06-30,"GREENLAKE ENERGY OPERATING, LLC",4103H,11000,2026-07-06,2026-07-25,,,,
0916835,389,REEVES,STILL TIPPIN UNIT,10,331448,2026-06-30,"GREENLAKE ENERGY OPERATING, LLC",4107H,11000,2026-07-06,,,,,
0916833,389,REEVES,STILL TIPPIN UNIT,10,331448,2026-06-30,"GREENLAKE ENERGY OPERATING, LLC",4501H,11000,2026-07-06,,,,,
0917075,389,REEVES,DIK DIK 17-18 A,10,562560,2026-07-08,MEWBOURNE OIL COMPANY,F101DA,14673,2026-07-14,,,,,
0917078,389,REEVES,DIK DIK 17-18 B,10,562560,2026-07-08,MEWBOURNE OIL COMPANY,F101EH,15673,2026-07-14,,,,,
0917079,389,REEVES,DIK DIK 17-18 C,10,562560,2026-07-08,MEWBOURNE OIL COMPANY,F101LI,14827,2026-07-14,,,,,
0917128,389,REEVES,DIK DIK 17-18 D,10,562560,2026-07-09,MEWBOURNE OIL COMPANY,F101MP,14847,2026-07-14,,,,,
0916981,389,REEVES,GOODRICH 12/10 A,10,562560,2026-07-06,MEWBOURNE OIL COMPANY,F101DA,15900,2026-07-10,,,,,
0916982,389,REEVES,GOODRICH 12/10 B,10,562560,2026-07-06,MEWBOURNE OIL COMPANY,F101EH,15900,2026-07-10,,,,,
0916983,389,REEVES,GOODRICH 12/10 C,10,562560,2026-07-06,MEWBOURNE OIL COMPANY,F101LI,16150,2026-07-10,,,,,
0916984,389,REEVES,GOODRICH 12/10 D,10,562560,2026-07-06,MEWBOURNE OIL COMPANY,F101MP,16150,2026-07-10,,,,,
0916985,389,REEVES,MICHELIN MAN 1/3 A,10,562560,2026-07-06,MEWBOURNE OIL COMPANY,F101DA,16400,2026-07-10,,,,,
0916986,389,REEVES,MICHELIN MAN 1/3 B,10,562560,2026-07-06,MEWBOURNE OIL COMPANY,F101EH,16400,2026-07-10,,,,,
0916988,389,REEVES,MICHELIN MAN 1/3 C,10,562560,2026-07-06,MEWBOURNE OIL COMPANY,F101LI,16650,2026-07-10,,,,,
0916989,389,REEVES,MICHELIN MAN 1/3 D,10,562560,2026-07-06,MEWBOURNE OIL COMPANY,F101MP,16650,2026-07-10,,,,,
0917277,389,REEVES,STATE GAGE 2/5,10,562560,2026-07-17,MEWBOURNE OIL COMPANY,W101BO,10454,2026-07-20,,,,,
0917278,389,REEVES,STATE GAGE 2/5,10,562560,2026-07-17,MEWBOURNE OIL COMPANY,W102BO,10708,2026-07-20,2026-07-22,,,,
0916998,389,REEVES,WILKINSON SWD,10,609265,2026-07-06,"NGL WATER SOLUTIONS PERMIAN, LLC",1,6200,2026-07-09,,,,,
0916999,389,REEVES,WILKINSON SWD,10,609265,2026-07-06,"NGL WATER SOLUTIONS PERMIAN, LLC",2,6200,2026-07-09,,,,,
0917435,389,REEVES,HATCH,10,104430,2026-07-27,PERUN ENERGY LLC,1,11000,2026-07-28,,,,,
0917434,389,REEVES,HATCH,10,104430,2026-07-27,PERUN ENERGY LLC,2,11000,2026-07-28,,,,,
0916710,389,REEVES,LONGFELLOW 3-13-22 A,10,872117,2026-06-24,TRP OPERATING LLC,101H,12500,2026-07-23,,,,,
0916712,389,REEVES,LONGFELLOW 3-13-22 B,10,872117,2026-06-24,TRP OPERATING LLC,201H,12500,2026-07-23,,,,,
0916713,389,REEVES,LONGFELLOW 3-13-22 C,10,872117,2026-06-24,TRP OPERATING LLC,102H,12500,2026-07-23,,,,,
0916714,389,REEVES,LONGFELLOW 3-13-22 D,10,872117,2026-06-24,TRP OPERATING LLC,202H,12500,2026-07-23,,,,,
0914207,389,REEVES,TYCOON U,10,875462,2026-07-22,U.S. ENERGY DEVELOPMENT CORP,1TU,10900,2026-03-20,,,,,
0914210,389,REEVES,TYCOON U,10,875462,2026-07-22,U.S. ENERGY DEVELOPMENT CORP,2BU,10900,2026-03-31,,,,,
0914269,389,REEVES,TYCOON UC,10,875462,2026-07-22,U.S. ENERGY DEVELOPMENT CORP,3XU,10900,2026-03-31,,,,,
0914212,389,REEVES,BARRACUDA UNIT 2,10,101377,2026-03-17,"VTX ENERGY OPERATING, LLC",34H,9882,2026-07-10,2023-09-08,,,,
0917426,389,REEVES,STATE HIPPO E33,10,101377,2026-07-24,"VTX ENERGY OPERATING, LLC",33H,13000,2026-07-29,,,,,
0916945,389,REEVES,WAHA,10,101377,2026-07-02,"VTX ENERGY OPERATING, LLC",W 11H,11000,2026-07-06,,,,,
0916947,389,REEVES,WAHA,10,101377,2026-07-02,"VTX ENERGY OPERATING, LLC",W 12H,11000,2026-07-06,,,,,
0916949,389,REEVES,WAHA,10,101377,2026-07-02,"VTX ENERGY OPERATING, LLC",W 21H,11000,2026-07-06,,,,,
0916948,389,REEVES,WAHA,10,101377,2026-07-02,"VTX ENERGY OPERATING, LLC",W 31H,11000,2026-07-06,,,,,
0916950,389,REEVES,WAHA,10,101377,2026-07-02,"VTX ENERGY OPERATING, LLC",W 61H,11000,2026-07-06,,,,,
0916951,389,REEVES,WAHA,10,101377,2026-07-02,"VTX ENERGY OPERATING, LLC",W 62H,11000,2026-07-06,,,,,
0917064,391,REFUGIO,"O'CONNOR, THOMAS -C-",02,386310,2026-07-08,HILCORP ENERGY COMPANY,4G,5980,2026-07-22,,,,,
0917364,393,ROBERTS,COURSON RANCH 133A,14,829221,2026-07-22,SUMMIT PETROLEUM LLC,1133H,6900,2026-07-28,,,,,
0874564,393,ROBERTS,MCMORDIE,14,844133,2026-06-24,"TEXAKOMA E & P, LLC",409,9800,2021-11-22,2022-01-22,,,,
0916599,393,ROBERTS,MCMORDIE,14,844133,2026-06-19,"TEXAKOMA E & P, LLC",509,10200,2026-07-09,,,,,
0916032,395,ROBERTSON,CAMP A,05,103913,2026-06-30,ADAMAS ENERGY LLC,4HB,15400,2026-06-03,,,,,
0916033,395,ROBERTSON,CAMP B,05,103913,2026-06-30,ADAMAS ENERGY LLC,6HB,15400,2026-06-03,,,,,
0917276,401,RUSK,PAT GRATTON B,06,102367,2026-07-17,BUCKHORN OPERATING LLC,2H,10500,2026-07-23,,,,,
0917347,401,RUSK,BENTON 'A',06,106406,2026-07-21,BUFFCO PRODUCTION INC.,2,10850,2026-07-22,,,,,
0917349,401,RUSK,BENTON 'C',06,106406,2026-07-21,BUFFCO PRODUCTION INC.,5,10850,2026-07-22,,,,,
0917355,401,RUSK,BENTON 'Q',06,106406,2026-07-21,BUFFCO PRODUCTION INC.,20,10950,2026-07-22,,,,,
0917053,401,RUSK,HENDERSON 'E',06,106406,2026-07-08,BUFFCO PRODUCTION INC.,8,10850,2026-07-13,,,,,
0914562,401,RUSK,MUSTANG NORTH (AW),06,704776,2026-05-12,"RFE OPERATING, LLC",1H,11325,2026-04-16,,,,,
0917041,401,RUSK,COLEMAN A CV (AW),06,103925,2026-07-08,SABINE ENERGY INC.,1H,12000,2026-07-15,,,,,
0917043,401,RUSK,COLEMAN A OU,06,103925,2026-07-08,SABINE ENERGY INC.,1H,8600,2026-07-23,,,,,
0917130,401,RUSK,COLEMAN B CV (AW),06,103925,2026-07-09,SABINE ENERGY INC.,2H,12000,2026-07-20,,,,,
0917051,401,RUSK,COLEMAN B OU,06,103925,2026-07-08,SABINE ENERGY INC.,2H,8600,2026-07-15,,,,,
0917005,401,RUSK,HELVENSTON C CV (AW),06,103925,2026-07-07,SABINE ENERGY INC.,3H,12000,2026-07-13,,,,,
0916316,401,RUSK,BETHANY-LOWE (AW),06,101883,2026-06-16,"TANOS EXPLORATION IV, LLC",1H,8398,2026-06-11,2026-07-07,,,,
0915708,405,SAN AUGUSTINE,BYRD-BARET A,06,103913,2026-06-16,ADAMAS ENERGY LLC,3H,14000,2026-05-21,,,,,
0915709,405,SAN AUGUSTINE,PIKE-BARET,06,103913,2026-06-16,ADAMAS ENERGY LLC,1H,14000,2026-05-29,,,,,
0915710,405,SAN AUGUSTINE,PIKE-ERICSSON-BARET,06,103913,2026-06-16,ADAMAS ENERGY LLC,1H,14000,2026-05-29,,,,,
0917291,405,SAN AUGUSTINE,GRIFFIN-LYONS A,06,103732,2026-07-17,ROCKCLIFF ENERGY OPERATING III,1HB,16000,2026-07-21,,,,,
0917178,405,SAN AUGUSTINE,GRIFFIN-LYONS B,06,103732,2026-07-12,ROCKCLIFF ENERGY OPERATING III,2HB,16000,2026-07-22,,,,,
0916062,405,SAN AUGUSTINE,ROYAL TROON RA,06,103732,2026-06-10,ROCKCLIFF ENERGY OPERATING III,1HB,16000,2026-06-09,,,,,
0917216,409,SAN PATRICIO,BARRETT-BERRY,04,036931,2026-07-14,AURORA RESOURCES CORPORATION,1,5600,2026-07-20,,,,,
0917184,415,SCURRY,LION DIAMOND 'M' UNIT,11,463316,2026-07-13,KINDER MORGAN PRODUCTION CO LLC,F 9B,7800,2026-07-17,,,,,
0917388,415,SCURRY,SACROC UNIT,11,463316,2026-07-23,KINDER MORGAN PRODUCTION CO LLC,306-5,7800,2026-07-28,,,,,
0917393,415,SCURRY,SACROC UNIT,11,463316,2026-07-23,KINDER MORGAN PRODUCTION CO LLC,306-6,7800,2026-07-28,,,,,
0917395,415,SCURRY,SACROC UNIT,11,463316,2026-07-23,KINDER MORGAN PRODUCTION CO LLC,306-7,7800,2026-07-28,,,,,
0917397,415,SCURRY,SACROC UNIT,11,463316,2026-07-23,KINDER MORGAN PRODUCTION CO LLC,307-5,7800,2026-07-28,,,,,
0917398,415,SCURRY,SACROC UNIT,11,463316,2026-07-23,KINDER MORGAN PRODUCTION CO LLC,307-6,7800,2026-07-28,,,,,
0917399,415,SCURRY,SACROC UNIT,11,463316,2026-07-23,KINDER MORGAN PRODUCTION CO LLC,307-7,7800,2026-07-28,,,,,
0917403,415,SCURRY,SACROC UNIT,11,463316,2026-07-23,KINDER MORGAN PRODUCTION CO LLC,309-9,7800,2026-07-28,,,,,
0917387,415,SCURRY,SACROC UNIT,11,463316,2026-07-23,KINDER MORGAN PRODUCTION CO LLC,304-1A,7800,2026-07-28,,,,,
0917396,415,SCURRY,SACROC UNIT,11,463316,2026-07-23,KINDER MORGAN PRODUCTION CO LLC,307-4A,7800,2026-07-28,,,,,
0917400,415,SCURRY,SACROC UNIT,11,463316,2026-07-23,KINDER MORGAN PRODUCTION CO LLC,309-1A,7800,2026-07-28,,,,,
0916792,417,SHACKELFORD,SIMPSON,08,816067,2026-06-29,"STASNEY WELL SERVICE, LLC",6,990,2026-07-02,,,,,
0916796,417,SHACKELFORD,SIMPSON,08,816067,2026-06-29,"STASNEY WELL SERVICE, LLC",7,990,2026-07-02,,,,,
0917010,419,SHELBY,HARVCO,06,101691,2026-07-07,"SELECT WATER SOLUTIONS, LLC",8,6140,2026-07-09,,,,,
0917183,419,SHELBY,CREST-LOWERY 3 ALLOC A,06,781863,2026-07-13,SILVER HILL ENERGY OPERATING LLC,3H,13000,2026-07-23,,,,,
0917185,419,SHELBY,CREST-LOWERY 3 ALLOC B,06,781863,2026-07-13,SILVER HILL ENERGY OPERATING LLC,5H,13000,2026-07-23,,,,,
0915617,419,SHELBY,USA JACKSON C,06,781863,2026-06-28,SILVER HILL ENERGY OPERATING LLC,11B,12500,2026-05-19,,,,,
0915620,419,SHELBY,USA JACKSON C,06,781863,2026-06-28,SILVER HILL ENERGY OPERATING LLC,12H,12500,2026-05-19,,,,,
0910284,419,SHELBY,USA POLK 'E',06,781863,2026-06-17,SILVER HILL ENERGY OPERATING LLC,3B,11900,2025-09-10,,,,,
0910285,419,SHELBY,USA POLK 'E',06,781863,2026-06-17,SILVER HILL ENERGY OPERATING LLC,4H,12200,2025-09-10,,,,,
0917141,423,SMITH,WILSON VERNON 6,06,263648,2026-07-10,"FAULCONER ENERGY, LLC",1,11912,2026-07-10,,,,,
0913392,423,SMITH,MELODYE,06,881167,2026-03-25,VALENCE OPERATING COMPANY,1H,9300,2026-02-12,,,,,
0916959,431,STERLING,DANA POINT,10,101633,2026-07-05,"IKE OPERATING, LLC",2H,8500,2026-07-10,,,,,
0916958,431,STERLING,SAN MARINO,10,101633,2026-07-03,"IKE OPERATING, LLC",1H,8500,2026-07-09,,,,,
0917401,441,TAYLOR,KISSELL UNIT,08,479574,2026-07-23,L.C.S. PRODUCTION COMPANY,30WI,4999,2026-07-29,,,,,
0901437,441,TAYLOR,KISSELL UNIT,08,479574,2026-07-08,L.C.S. PRODUCTION COMPANY,31WI,4999,2024-07-22,,,,,
0916980,445,TERRY,SUNTURA (LOWER CLEAR FORK) UNIT,11,054430,2026-07-06,"BASIN OIL & GAS OPERATING, LLC",520,8700,2026-07-16,,,,,
0916438,455,TRINITY,DUE,03,892024,2026-07-06,WALKER OPERATING COMPANY,1,1800,2026-06-22,,,,,
0917315,457,TYLER,BP HONKY TONKIN,03,206081,2026-07-20,DAVIS SOUTHERN OPERATING CO LLC,2,7500,2026-07-21,,,,,
0917161,457,TYLER,BP SITTIN ON GO,03,206081,2026-07-10,DAVIS SOUTHERN OPERATING CO LLC,2,6400,2026-07-24,,,,,
0917003,461,UPTON,CONNELL 38 D,09,027200,2026-07-06,APACHE CORPORATION,U 5HM,12000,2026-07-14,,,,,
0803870,461,UPTON,CONNELL 38A,09,027200,2026-07-20,APACHE CORPORATION,2HM,10000,2015-02-19,2015-03-30,,,,
0809319,461,UPTON,CONNELL 38B,09,027200,2026-07-20,APACHE CORPORATION,2HM,9500,2015-08-20,2016-01-06,,,,
0806072,461,UPTON,CONNELL 38C,09,027200,2026-07-15,APACHE CORPORATION,2HM,9600,2015-05-05,2015-12-02,,,,
0916277,461,UPTON,RWT BRAZOS 9-28 UNIT,09,148113,2026-06-05,CHEVRON U. S. A. INC.,1521US,12000,2026-07-06,,,,,
0916278,461,UPTON,RWT BRAZOS 9-28 UNIT,09,148113,2026-06-05,CHEVRON U. S. A. INC.,1522LS,12000,2026-07-06,,,,,
0916279,461,UPTON,RWT BRAZOS 9-28 UNIT,09,148113,2026-06-05,CHEVRON U. S. A. INC.,1523WB,12000,2026-07-06,,,,,
0916280,461,UPTON,RWT BRAZOS 9-28 UNIT,09,148113,2026-06-05,CHEVRON U. S. A. INC.,1524US,12000,2026-07-06,,,,,
0916281,461,UPTON,RWT BRAZOS 9-28 UNIT,09,148113,2026-06-05,CHEVRON U. S. A. INC.,1525LS,12000,2026-07-06,,,,,
0916282,461,UPTON,RWT BRAZOS 9-28 UNIT,09,148113,2026-06-05,CHEVRON U. S. A. INC.,1526WB,12000,2026-07-07,,,,,
0916283,461,UPTON,RWT BRAZOS 9-28 UNIT,09,148113,2026-06-05,CHEVRON U. S. A. INC.,1527US,12000,2026-07-07,,,,,
0916284,461,UPTON,RWT BRAZOS 9-28 UNIT,09,148113,2026-06-05,CHEVRON U. S. A. INC.,1528LS,12000,2026-07-07,,,,,
0916147,461,UPTON,RWT KATY 9-28 UNIT,09,148113,2026-07-08,CHEVRON U. S. A. INC.,1511US,12000,2026-07-02,,,,,
0916181,461,UPTON,RWT KATY 9-28 UNIT,09,148113,2026-07-08,CHEVRON U. S. A. INC.,1512LS,12000,2026-07-02,,,,,
0916182,461,UPTON,RWT KATY 9-28 UNIT,09,148113,2026-07-08,CHEVRON U. S. A. INC.,1513US,12000,2026-07-02,,,,,
0916332,461,UPTON,RWT KATY 9-28 UNIT,09,148113,2026-06-09,CHEVRON U. S. A. INC.,1514LS,12000,2026-07-08,,,,,
0916333,461,UPTON,RWT KATY 9-28 UNIT,09,148113,2026-06-09,CHEVRON U. S. A. INC.,1515US,12000,2026-07-14,,,,,
0916183,461,UPTON,RWT KATY 9-28 UNIT,09,148113,2026-07-08,CHEVRON U. S. A. INC.,1516LS,12000,2026-07-02,,,,,
0916184,461,UPTON,RWT KATY 9-28 UNIT,09,148113,2026-07-16,CHEVRON U. S. A. INC.,1517WB,12000,2026-07-14,,,,,
0916186,461,UPTON,RWT KATY 9-28 UNIT,09,148113,2026-07-08,CHEVRON U. S. A. INC.,1518WB,12000,2026-07-02,,,,,
0916335,461,UPTON,RWT KATY 9-28 UNIT,09,148113,2026-06-09,CHEVRON U. S. A. INC.,1519WB,12000,2026-07-08,,,,,
0916357,461,UPTON,RWT KATY 9-28 UNIT,09,148113,2026-06-09,CHEVRON U. S. A. INC.,1551WB,12000,2026-07-08,,,,,
0912206,461,UPTON,ODIN A,09,101577,2026-06-22,"CIVITAS PERMIAN OPERATING, LLC",174H,9300,2025-12-16,,,,,
0912212,461,UPTON,ODIN A,09,101577,2026-06-23,"CIVITAS PERMIAN OPERATING, LLC",244H,12500,2025-12-16,,,,,
0912207,461,UPTON,ODIN B,09,101577,2026-06-23,"CIVITAS PERMIAN OPERATING, LLC",154H,9100,2025-12-16,,,,,
0912213,461,UPTON,ODIN B,09,101577,2026-06-23,"CIVITAS PERMIAN OPERATING, LLC",224H,9500,2025-12-16,,,,,
0912208,461,UPTON,ODIN C,09,101577,2026-06-23,"CIVITAS PERMIAN OPERATING, LLC",133H,9000,2025-12-16,,,,,
0912214,461,UPTON,ODIN C,09,101577,2026-06-23,"CIVITAS PERMIAN OPERATING, LLC",173H,9300,2025-12-16,,,,,
0912215,461,UPTON,ODIN C,09,101577,2026-06-23,"CIVITAS PERMIAN OPERATING, LLC",243H,10000,2025-12-16,,,,,
0912209,461,UPTON,ODIN D,09,101577,2026-06-23,"CIVITAS PERMIAN OPERATING, LLC",153H,9000,2025-12-16,,,,,
0912216,461,UPTON,ODIN D,09,101577,2026-06-23,"CIVITAS PERMIAN OPERATING, LLC",223H,9800,2025-12-16,,,,,
0912457,461,UPTON,BEVERLY 4726 A,09,101413,2026-06-03,FIREBIRD ENERGY II LLC,101H,8600,2026-01-12,2026-02-03,,,,
0916803,461,UPTON,SHAUNA-WINDHAM 42F,09,665748,2026-06-29,"PIONEER NATURAL RES. USA, INC.",206H,10931,2026-07-27,,,,,
0911458,461,UPTON,WINDHAM 17E,09,665748,2026-06-26,"PIONEER NATURAL RES. USA, INC.",205H,10955,2025-12-02,2026-01-08,,,,
0905136,461,UPTON,ARIA 2,09,829221,2026-07-20,SUMMIT PETROLEUM LLC,03LS,8950,2025-01-17,,,,,
0905175,461,UPTON,ARIA 5,09,829221,2026-06-15,SUMMIT PETROLEUM LLC,09BU,9600,2025-01-14,2025-06-11,,,,
0916572,461,UPTON,MARY LOU 1,09,829221,2026-06-18,SUMMIT PETROLEUM LLC,02BU,9200,2026-07-02,2026-07-20,,,,
0916690,461,UPTON,MARY LOU 12,09,829221,2026-06-24,SUMMIT PETROLEUM LLC,24MS,7100,2026-07-02,,,,,
0916691,461,UPTON,MARY LOU 13,09,829221,2026-06-24,SUMMIT PETROLEUM LLC,26BU,8600,2026-07-02,,,,,
0916694,461,UPTON,MARY LOU 14,09,829221,2026-06-24,SUMMIT PETROLEUM LLC,28JM,7700,2026-07-02,,,,,
0916579,461,UPTON,MARY LOU 4,09,829221,2026-06-18,SUMMIT PETROLEUM LLC,08MS,7100,2026-07-02,,,,,
0916631,461,UPTON,MARY LOU 5,09,829221,2026-06-22,SUMMIT PETROLEUM LLC,10BL,9200,2026-07-02,,,,,
0916641,461,UPTON,MARY LOU 6,09,829221,2026-06-22,SUMMIT PETROLEUM LLC,12JM,7700,2026-07-02,,,,,
0916646,461,UPTON,MARY LOU 7,09,829221,2026-06-22,SUMMIT PETROLEUM LLC,14DN,8100,2026-07-02,,,,,
0911591,461,UPTON,BRADEN SWD,09,884481,2026-07-28,"VELOCITY WATER SOLUTIONS, LP",1,5215,2025-11-07,2026-01-01,,,,
0917363,469,VICTORIA,"SALINAS, J.",02,069458,2026-07-21,BIG LAKE CORPORATION,14,5000,2026-07-27,,,,,
0907134,469,VICTORIA,STEVENS,02,278837,2026-04-23,"FORZA OPERATING, LLC",1,9240,2025-05-05,,,,,
0903017,475,WARD,UL 18 33-32B,10,027200,2026-03-03,APACHE CORPORATION,4AH,16000,2024-10-08,2024-12-10,,,,
0903019,475,WARD,UL 18 33-32D,10,027200,2026-03-03,APACHE CORPORATION,2AH,16000,2024-10-08,2024-12-06,,,,
0915374,475,WARD,KOEHN,10,315075,2026-05-04,"GOODNIGHT MIDSTREAM PERMIAN, LLC",8,4200,2026-07-23,,,,,
0915376,475,WARD,LAWRENCE,10,315075,2026-06-30,"GOODNIGHT MIDSTREAM PERMIAN, LLC",3,5045,2026-05-06,,,,,
0915377,475,WARD,LAWRENCE,10,315075,2026-06-30,"GOODNIGHT MIDSTREAM PERMIAN, LLC",6,5407,2026-05-06,,,,,
0915378,475,WARD,LAWRENCE,10,315075,2026-06-30,"GOODNIGHT MIDSTREAM PERMIAN, LLC",10,5438,2026-05-06,,,,,
0917220,475,WARD,SMASHBOY 1-29 A,10,100313,2026-07-14,"PETRO-HUNT PERMIAN, LLC",B101HS,12500,2026-07-21,,,,,
0917221,475,WARD,SMASHBOY 1-29 B,10,100313,2026-07-14,"PETRO-HUNT PERMIAN, LLC",B201HS,12500,2026-07-21,,,,,
0917004,475,WARD,"EDWARDS, JNO. ET AL 'B'",10,666430,2026-07-06,PITTS ENERGY CO.,7,5598,2026-07-10,,,,,
0917025,475,WARD,"EDWARDS, JNO. ET AL 'B'",10,666430,2026-07-07,PITTS ENERGY CO.,9,5566,2026-07-10,,,,,
0916700,475,WARD,"EDWARDS, JNO. ET AL B",10,666430,2026-06-24,PITTS ENERGY CO.,3,7000,2026-07-07,,,,,
0916749,475,WARD,"EDWARDS, JNO. ET AL B",10,666430,2026-06-26,PITTS ENERGY CO.,5,5700,2026-07-01,,,,,
0917000,475,WARD,"EDWARDS, JNO. ETAL -B-",10,666430,2026-07-06,PITTS ENERGY CO.,6,5722,2026-07-10,,,,,
0916901,477,WASHINGTON,BIG AL ELEVEN,03,521544,2026-07-01,MAGNOLIA OIL & GAS OPERATING LLC,H 11BE,12000,2026-07-09,,,,,
0916900,477,WASHINGTON,BIG AL NINE,03,521544,2026-07-01,MAGNOLIA OIL & GAS OPERATING LLC,H 09BE,12000,2026-07-09,,,,,
0916899,477,WASHINGTON,BIG AL SEVEN,03,521544,2026-07-01,MAGNOLIA OIL & GAS OPERATING LLC,H 07BE,12000,2026-07-09,,,,,
0916882,477,WASHINGTON,CRIMSON BEAR,03,521544,2026-07-01,MAGNOLIA OIL & GAS OPERATING LLC,H 02BE,12000,2026-07-08,,,,,
0916896,477,WASHINGTON,MEANS 'C',03,521544,2026-07-01,MAGNOLIA OIL & GAS OPERATING LLC,H 03BE,12000,2026-07-09,,,,,
0916897,477,WASHINGTON,MEANS 'C',03,521544,2026-07-01,MAGNOLIA OIL & GAS OPERATING LLC,H 05BE,12000,2026-07-09,,,,,
0916960,479,WEBB,GALVAN RANCH,04,103593,2026-07-06,"CATURUS ENERGY, LLC",B923H,17500,2026-07-09,2026-07-19,,,,
0916961,479,WEBB,GALVAN RANCH,04,103593,2026-07-06,"CATURUS ENERGY, LLC",B925H,17500,2026-07-09,2026-07-18,,,,
0916962,479,WEBB,GALVAN RANCH,04,103593,2026-07-06,"CATURUS ENERGY, LLC",B927H,17500,2026-07-09,2026-07-16,,,,
0916963,479,WEBB,GALVAN RANCH,04,103593,2026-07-06,"CATURUS ENERGY, LLC",B929H,17500,2026-07-09,2026-07-16,,,,
0917057,479,WEBB,STANLEY RANCH,04,100351,2026-07-08,JAVELIN ENERGY PARTNERS MGMT LLC,104HA,12000,2026-07-16,2026-07-28,,,,
0917058,479,WEBB,STANLEY RANCH,04,100351,2026-07-08,JAVELIN ENERGY PARTNERS MGMT LLC,104HB,12000,2026-07-16,,,,,
0917062,479,WEBB,STANLEY RANCH,04,100351,2026-07-08,JAVELIN ENERGY PARTNERS MGMT LLC,104HC,12000,2026-07-13,,,,,
0917143,479,WEBB,WORTHEY RANCH,04,100351,2026-07-10,JAVELIN ENERGY PARTNERS MGMT LLC,103HA,12000,2026-07-21,,,,,
0917144,479,WEBB,WORTHEY RANCH,04,100351,2026-07-10,JAVELIN ENERGY PARTNERS MGMT LLC,103HB,12000,2026-07-21,,,,,
0917145,479,WEBB,WORTHEY RANCH,04,100351,2026-07-10,JAVELIN ENERGY PARTNERS MGMT LLC,103HC,12000,2026-07-21,,,,,
0917353,479,WEBB,STATE OF TEXAS RAFTER O UNIT B,04,460054,2026-07-21,"KILLAM OIL CO., LTD.",8H,13250,2026-07-23,,,,,
0917290,479,WEBB,STATE OF TEXAS RAFTER O UNIT C,04,460054,2026-07-17,"KILLAM OIL CO., LTD.",7H,13250,2026-07-22,,,,,
0917226,479,WEBB,LA MESA SA A,04,499978,2026-07-15,"LEWIS PETRO PROPERTIES, INC.",1000H,12000,2026-07-20,,,,,
0917227,479,WEBB,LA MESA SA B,04,499978,2026-07-15,"LEWIS PETRO PROPERTIES, INC.",100H,12000,2026-07-29,,,,,
0917229,479,WEBB,LA MESA SA D,04,499978,2026-07-15,"LEWIS PETRO PROPERTIES, INC.",1001H,12000,2026-07-29,,,,,
0917230,479,WEBB,LA MESA SA E,04,499978,2026-07-15,"LEWIS PETRO PROPERTIES, INC.",101H,12000,2026-07-29,,,,,
0917231,479,WEBB,LA MESA SA F,04,499978,2026-07-15,"LEWIS PETRO PROPERTIES, INC.",501H,12000,2026-07-29,,,,,
0916797,479,WEBB,TREVINO RANCH,04,499978,2026-06-29,"LEWIS PETRO PROPERTIES, INC.",16H,12000,2026-07-10,,,,,
0916798,479,WEBB,TREVINO RANCH,04,499978,2026-06-29,"LEWIS PETRO PROPERTIES, INC.",17H,12000,2026-07-10,,,,,
0917402,479,WEBB,JUNCO RANCH,04,100543,2026-07-23,"RIO GRANDE E&P II, LLC",6H,13000,2026-07-29,,,,,
0917404,479,WEBB,JUNCO RANCH,04,100543,2026-07-23,"RIO GRANDE E&P II, LLC",7H,13000,2026-07-29,,,,,
0916894,479,WEBB,BRISCOE B (SA35),04,788997,2026-07-01,SM ENERGY COMPANY,1479H,7200,2026-07-08,,,,,
0916895,479,WEBB,BRISCOE B (SA36),04,788997,2026-07-01,SM ENERGY COMPANY,1488H,7200,2026-07-08,,,,,
0916898,479,WEBB,BRISCOE B (SA37),04,788997,2026-07-01,SM ENERGY COMPANY,1499H,7200,2026-07-08,,,,,
0917071,479,WEBB,AI SAN ROMAN,04,104125,2026-07-08,"WARWICK POSEIDON, GP",116H,12155,2026-07-13,2026-07-27,,,,
0917082,479,WEBB,AI SAN ROMAN,04,104125,2026-07-08,"WARWICK POSEIDON, GP",206H,12655,2026-07-14,,,,,
0917083,479,WEBB,AI SAN ROMAN,04,104125,2026-07-08,"WARWICK POSEIDON, GP",208H,12545,2026-07-14,,,,,
0917073,479,WEBB,AI SAN ROMAN,04,104125,2026-07-08,"WARWICK POSEIDON, GP",313H,12355,2026-07-13,,,,,
0917080,479,WEBB,AI SAN ROMAN,04,104125,2026-07-08,"WARWICK POSEIDON, GP",314H,12100,2026-07-20,,,,,
0916800,487,WILBARGER,CADDIS,13,108799,2026-06-29,"BURK ROYALTY CO., LTD.",1,8900,2026-07-01,,,,,
0916854,487,WILBARGER,CONDON,13,108799,2026-07-01,"BURK ROYALTY CO., LTD.",3,8900,2026-07-06,,,,,
0916855,487,WILBARGER,CONDON,13,108799,2026-07-01,"BURK ROYALTY CO., LTD.",4,8900,2026-07-06,,,,,
0917017,487,WILBARGER,CONDON,13,108799,2026-07-07,"BURK ROYALTY CO., LTD.",5,8900,2026-07-10,,,,,
0917018,487,WILBARGER,CONDON,13,108799,2026-07-07,"BURK ROYALTY CO., LTD.",6,8900,2026-07-10,,,,,
0917212,487,WILBARGER,CONDON,13,108799,2026-07-14,"BURK ROYALTY CO., LTD.",7,8900,2026-07-17,,,,,
0917213,487,WILBARGER,CONDON,13,108799,2026-07-14,"BURK ROYALTY CO., LTD.",8,8900,2026-07-20,,,,,
0917333,487,WILBARGER,CONDON,13,108799,2026-07-21,"BURK ROYALTY CO., LTD.",9,8900,2026-07-24,,,,,
0917334,487,WILBARGER,CONDON,13,108799,2026-07-21,"BURK ROYALTY CO., LTD.",10,8900,2026-07-24,,,,,
0916877,487,WILBARGER,WAGGONER DN,13,108799,2026-07-01,"BURK ROYALTY CO., LTD.",19,2575,2026-07-02,,,,,
0916689,493,WILSON,MCBEE-MATTKE UNIT,01,100344,2026-06-24,"PALOMA OPERATING, LLC",1H,4148,2026-07-02,,,,,
0916526,493,WILSON,ADRIAN POLLOK,01,899023,2026-06-30,"WARWICK-ARTEMIS, LLC",1H,9300,2026-06-19,,,,,
0916735,493,WILSON,DIETER C,01,899023,2026-06-30,"WARWICK-ARTEMIS, LLC",2H,8700,2026-06-26,,,,,
0916925,495,WINKLER,"BAIRD, W. E.",10,054430,2026-07-02,"BASIN OIL & GAS OPERATING, LLC",1218,6700,2026-07-08,,,,,
0916926,495,WINKLER,"BAIRD, W. E.",10,054430,2026-07-02,"BASIN OIL & GAS OPERATING, LLC",1828,6700,2026-07-08,,,,,
0916927,495,WINKLER,KEYSTONE HOLT UNIT,10,054430,2026-07-02,"BASIN OIL & GAS OPERATING, LLC",2503,6200,2026-07-10,,,,,
0916762,495,WINKLER,STATE-WALTON,10,054430,2026-06-26,"BASIN OIL & GAS OPERATING, LLC",1C,10000,2026-07-02,,,,,
0916042,495,WINKLER,KRAKEN 12-11 1G,10,073056,2026-06-26,"BLACKBEARD OPERATING, LLC",327H,7999,2026-06-08,2026-06-12,,,,
0916635,495,WINKLER,SEALY SMITH FOUNDATION -A-,10,073056,2026-06-22,"BLACKBEARD OPERATING, LLC",329H,7999,2026-07-02,,,,,
0916636,495,WINKLER,SEALY SMITH FOUNDATION -A-,10,073056,2026-06-22,"BLACKBEARD OPERATING, LLC",330H,7999,2026-07-02,,,,,
0916453,495,WINKLER,SEALY SMITH SA9503,10,083288,2026-06-15,BOSQUE TEXAS OIL LLC,1H,12500,2026-07-20,,,,,
0917011,495,WINKLER,BIRDIE 2803E,10,173777,2026-07-07,"CONTINENTAL RESOURCES, INC.",01H,12800,2026-07-15,,,,,
0917012,495,WINKLER,BIRDIE 2803F,10,173777,2026-07-07,"CONTINENTAL RESOURCES, INC.",02H,12400,2026-07-15,,,,,
0917013,495,WINKLER,BIRDIE 2803H,10,173777,2026-07-07,"CONTINENTAL RESOURCES, INC.",04H,12800,2026-07-15,,,,,
0917014,495,WINKLER,BIRDIE 2803I,10,173777,2026-07-07,"CONTINENTAL RESOURCES, INC.",05H,12400,2026-07-15,,,,,
0917015,495,WINKLER,BIRDIE 2803K,10,173777,2026-07-07,"CONTINENTAL RESOURCES, INC.",07H,12800,2026-07-10,,,,,
0916863,495,WINKLER,BOGEY 0409A,10,173777,2026-07-01,"CONTINENTAL RESOURCES, INC.",01H,12400,2026-07-20,,,,,
0916864,495,WINKLER,BOGEY 0409B,10,173777,2026-07-01,"CONTINENTAL RESOURCES, INC.",02H,12000,2026-07-21,,,,,
0916865,495,WINKLER,BOGEY 0409C,10,173777,2026-07-01,"CONTINENTAL RESOURCES, INC.",03H,12746,2026-07-21,,,,,
0916866,495,WINKLER,BOGEY 0409D,10,173777,2026-07-01,"CONTINENTAL RESOURCES, INC.",04H,12400,2026-07-21,,,,,
0916868,495,WINKLER,BOGEY 0409E,10,173777,2026-07-01,"CONTINENTAL RESOURCES, INC.",05H,12000,2026-07-20,,,,,
0916869,495,WINKLER,BOGEY 0409F,10,173777,2026-07-01,"CONTINENTAL RESOURCES, INC.",06H,12746,2026-07-21,,,,,
0916870,495,WINKLER,BOGEY 0409G,10,173777,2026-07-01,"CONTINENTAL RESOURCES, INC.",07H,12400,2026-07-02,,,,,
0916872,495,WINKLER,BOGEY 0409H,10,173777,2026-07-01,"CONTINENTAL RESOURCES, INC.",08H,12000,2026-07-02,,,,,
0916873,495,WINKLER,BOGEY 0409I,10,173777,2026-07-01,"CONTINENTAL RESOURCES, INC.",09H,12746,2026-07-02,,,,,
0916874,495,WINKLER,BOGEY 0409J,10,173777,2026-07-01,"CONTINENTAL RESOURCES, INC.",10H,12400,2026-07-02,,,,,
0915528,495,WINKLER,ROGER DODGER 19/30 B,10,562560,2026-06-15,MEWBOURNE OIL COMPANY,F101CN,16416,2026-05-14,,,,,
0915529,495,WINKLER,ROGER DODGER 19/30 C,10,562560,2026-06-15,MEWBOURNE OIL COMPANY,F101BO,16416,2026-05-18,,,,,
0917312,495,WINKLER,LEACO 5 SWD,10,945931,2026-07-20,"XRI DISPOSAL HOLDINGS, LLC",1,7500,2026-07-27,2026-07-28,,,,
0917313,495,WINKLER,LEACO 5 SWD,10,945931,2026-07-20,"XRI DISPOSAL HOLDINGS, LLC",2,7500,2026-07-27,,,,,
0917314,495,WINKLER,LEACO 6 SWD,10,945931,2026-07-20,"XRI DISPOSAL HOLDINGS, LLC",3,7500,2026-07-27,,,,,
0916470,497,WISE,VINSON FEE B 4 (AW),13,100345,2026-06-15,"BKV NORTH TEXAS, LLC",4H,10369,2026-07-22,,,,,
0916478,497,WISE,VINSON FEE B 5 (AW),13,100345,2026-06-16,"BKV NORTH TEXAS, LLC",5H,11359,2026-07-02,,,,,
0916477,497,WISE,VINSON FEE B 7 (AW),13,100345,2026-06-16,"BKV NORTH TEXAS, LLC",7H,12452,2026-07-28,,,,,
0916903,497,WISE,STEVENS,13,483657,2026-07-01,"LAKOTA ENERGY, LTD.",1H,7500,2026-07-08,,,,,
0916790,501,YOAKUM,AURORA,11,108799,2026-06-29,"BURK ROYALTY CO., LTD.",1H,6000,2026-07-02,2026-07-24,,,,
0916799,501,YOAKUM,STROMNESS,11,108799,2026-06-29,"BURK ROYALTY CO., LTD.",1H,6000,2026-07-01,,,,,
0917279,501,YOAKUM,ROBERTS UNIT,11,386310,2026-07-17,HILCORP ENERGY COMPANY,362H,5300,2026-07-20,,,,,
0917342,501,YOAKUM,BENNETT RANCH UNIT,11,617544,2026-07-21,OCCIDENTAL PERMIAN LTD.,3404R,5700,2026-07-24,,,,,
0917351,501,YOAKUM,BENNETT RANCH UNIT,11,617544,2026-07-21,OCCIDENTAL PERMIAN LTD.,4343,5500,2026-07-28,,,,,
0917340,501,YOAKUM,DENVER UNIT,11,617544,2026-07-21,OCCIDENTAL PERMIAN LTD.,2930,5300,2026-07-29,,,,,
0917341,501,YOAKUM,DENVER UNIT,11,617544,2026-07-21,OCCIDENTAL PERMIAN LTD.,3659,5300,2026-07-28,,,,,
0916852,501,YOAKUM,DENVER UNIT,11,617544,2026-07-01,OCCIDENTAL PERMIAN LTD.,5605,5300,2026-07-06,,,,,
0916880,501,YOAKUM,CASSIDY 575-544,11,712217,2026-07-01,"RILEY PERMIAN OPERATING CO, LLC",6XH,9000,2026-07-10,,,,,
0916881,501,YOAKUM,CASSIDY 575-544,11,712217,2026-07-01,"RILEY PERMIAN OPERATING CO, LLC",7XH,9000,2026-07-10,,,,,
0917029,501,YOAKUM,DESPERADO W 538,11,712217,2026-07-07,"RILEY PERMIAN OPERATING CO, LLC",35H,6000,2026-07-14,,,,,
0917147,501,YOAKUM,LAZY HORSE 581-600 C,11,712217,2026-07-10,"RILEY PERMIAN OPERATING CO, LLC",35XH,7000,2026-07-10,,,,,
0916535,501,YOAKUM,ROWDY YATES 596-585,11,712217,2026-06-23,"RILEY PERMIAN OPERATING CO, LLC",1XH,9000,2026-06-19,,,,,
0916534,501,YOAKUM,ROWDY YATES 596-585,11,712217,2026-06-23,"RILEY PERMIAN OPERATING CO, LLC",15XH,9000,2026-06-18,,,,,
0917186,503,YOUNG,"MCCLURG, M. L.",13,101846,2026-07-13,MAMMOTH OPERATING LLC,18,600,2026-07-17,,,,,
0917255,503,YOUNG,SECTION 606 'A',13,711100,2026-07-16,RIDGE OIL COMPANY,15,4580,2026-07-24,,,,,
0917019,503,YOUNG,S. R. DOZIER,13,725080,2026-07-07,"ROGERS DRILLING CO., INC.",1,4600,2026-07-15,,,,,
0916476,507,ZAVALA,TLAPEK,01,120648,2026-06-16,"CML EXPLORATION, LLC",1RE,6100,2026-07-10,,,,,
0916466,507,ZAVALA,PUCKETT B,01,728874,2026-06-29,"ROSEWOOD RESOURCES, INC.",1H,6000,2026-06-18,,,,,
